﻿Vignesh_customer_dup_8000,123456789,CR 48 10 45 LC 385,,MEDELLIN,ANT,,CO,,CO,1030662,1,86,20220715,493Z1LS#ABM,HP,Mini PC,Vignesh_disti,HP 600 G6 PD DM PG6500 4GB/128GB PC,disti_part_number_not_found,,PRODESK 600 G6,NEED MORE INFORMATION,,NMI,,,Not Chromebook,ProductDescription,Evo,vPro,OEM product line model,Operating System,Display size,Storage type,GPU OEM,GPU Model,Chromebook
Vignesh_customer_dup_8001,,CARRERA 17A# 135- 34 BARRIO CEDRITOS,,BOGOTA,BOG,,CO,,CO,1030859,1,5,20211115,4S053LT#ABM,HP,Notebook,E-2124,HP 440 G8 nSD Intel Ci5-1135G7 16 GB/512 SSD 14 Windows 10 Profesional,"invoice_date < cut_off_date -> sdp,rcp -> sdp",,PROBOOK 440 G8,WINDOWS 10 PRO,14,SSD,INTEL,IRIS XE,Not Chromebook,ProductDescription,Evo,vPro,OEM product line model,Operating System,Display size,Storage type,GPU OEM,GPU Model,Chromebook
Vignesh_customer_dup_8002,123456791,CENTRO COMERCIAL LAESTACION LOCAL 102- 103- 104,,POPAYÁN,CAU,,CO,,CO,1030294,1,sodihf,20220711,P0P8PRTA,DELL,Notebook,I7-1165G7,LATITUDE  5420  Intel Core i7 1165G7   /16 G/512 GB/14/WINDOWS10PRO/3Y,resale unit quantity is char,,LATITUDE 5420,WINDOWS 10 PRO,14,NMI,,,Not Chromebook,ProductDescription,Evo,vPro,OEM product line model,Operating System,Display size,Storage type,GPU OEM,GPU Model,Chromebook
Vignesh_customer_dup_8003,123456792,CR 46 # 48C SUR 40 BG 105,,ENVIGADO,ANT,,CO,10463061,CO,1030411,1,-1,20220712,11LC000WLS,LENOVO,AIO,I3-1005G1,Desktop Lenovo V30a 22IIL  All In One/Intel CORE I3-1005G1 /RAM 8GB|256GB SSD /21.5 / WIN 10 PRO/1Y Onsite,resale unit quantity is negative,,THINKCENTRE V30A,WINDOWS 10 PRO,21.5,SSD,INTEL,,Not Chromebook,ProductDescription,Evo,vPro,OEM product line model,Operating System,Display size,Storage type,GPU OEM,GPU Model,Chromebook
Vignesh_customer_dup_8004,123456792,CR 46 # 48C SUR 40 BG 105,,ENVIGADO,ANT,,CO,10463061,CO,1030411,1,90,20220619,11LC000WLS,LENOVO,AIO,E5603,Desktop Lenovo V30a 22IIL  All In One/Intel CORE I3-1005G1 /RAM 8GB|256GB SSD /21.5 / WIN 10 PRO/1Y Onsite,invoice_date < cut_off_date -> rcp,,THINKCENTRE V30A,WINDOWS 10 PRO,21.5,SSD,INTEL,,Not Chromebook,ProductDescription,Evo,vPro,OEM product line model,Operating System,Display size,Storage type,GPU OEM,GPU Model,Chromebook
Vignesh_customer_dup_8005,,CARRERA 17A# 135- 34 BARRIO CEDRITOS,,BOGOTA,BOG,,CO,,CO,1030859,1,5,20220715,4S053LT#ABM,HP,Notebook,I5-1135G7,HP 440 G8 nSD Intel Ci5-1135G7 16 GB/512 SSD 14 Windows 10 Profesional,match not found in historical data,,PROBOOK 440 G8,WINDOWS 10 PRO,14,SSD,INTEL,IRIS XE,Not Chromebook,ProductDescription,Evo,vPro,OEM product line model,Operating System,Display size,Storage type,GPU OEM,GPU Model,Chromebook
Vignesh_customer_dup_8006,,CARRERA 17A# 135- 34 BARRIO CEDRITOS,,BOGOTA,BOG,,CO,,CO,1030859,1,5,20211115,4S053LT#ABM,HP,Notebook,6240R,HP 440 G8 nSD Intel Ci5-1135G7 16 GB/512 SSD 14 Windows 10 Profesional,"invoice_date < cut_off_date -> sdp,rcp -> sdp",,PROBOOK 440 G8,WINDOWS 10 PRO,14,SSD,INTEL,IRIS XE,Not Chromebook,ProductDescription,Evo,vPro,OEM product line model,Operating System,Display size,Storage type,GPU OEM,GPU Model,Chromebook
Vignesh_customer_dup_8007,,CARRERA 17A# 135- 34 BARRIO CEDRITOS,,BOGOTA,BOG,,CO,,CO,1030859,1,5,20221209,4S053LT#ABM,HP,Notebook,D-1622,HP 440 G8 nSD Intel Ci5-1135G7 16 GB/512 SSD 14 Windows 10 Profesional,"invoice_date > cut_off_date -> sdp,rcp -> sdp",,PROBOOK 440 G8,WINDOWS 10 PRO,14,SSD,INTEL,IRIS XE,Not Chromebook,ProductDescription,Evo,vPro,OEM product line model,Operating System,Display size,Storage type,GPU OEM,GPU Model,Chromebook
Vignesh_customer_dup_8008,,CARRERA 17A# 135- 34 BARRIO CEDRITOS,,BOGOTA,BOG,,CO,,CO,1030859,1,5,20221210,4S053LT#ABM,HP,Notebook,I5-1240U,HP 440 G8 nSD Intel Ci5-1135G7 16 GB/512 SSD 14 Windows 10 Profesional,invoice_date > cut_off_date -> rcp,,PROBOOK 440 G8,WINDOWS 10 PRO,14,SSD,INTEL,IRIS XE,Not Chromebook,ProductDescription,Evo,vPro,OEM product line model,Operating System,Display size,Storage type,GPU OEM,GPU Model,Chromebook
Vignesh_customer_dup_8009,,CARRERA 17A# 135- 34 BARRIO CEDRITOS,,BOGOTA,BOG,,CO,,CO,1030859,1,5,20221122,4S053LT#ABM,HP,Notebook,6240R,HP 440 G8 nSD Intel Ci5-1135G7 16 GB/512 SSD 14 Windows 10 Profesional,invoice_date > cut_off_date -> no match found -> hist -> sdp,,PROBOOK 440 G8,WINDOWS 10 PRO,14,SSD,INTEL,IRIS XE,Not Chromebook,ProductDescription,Evo,vPro,OEM product line model,Operating System,Display size,Storage type,GPU OEM,GPU Model,Chromebook
