﻿UCDID,Customer Name,OPID,Customer Contact,Intel Contact Email,Transaction/Submission Date,Business Model,Deployment Type,License Type,Public Cloud/CSP,Product Type,Reference Architecture Size,Instance Type,Instance Type Size,Licensing  Model,Amount of Data - Total Instances/Core,Amount of Hours Consumed,OEM,Customer CRM Opportunity ID,End Customer Region,End Customer Country,Intel Product Type (Product 1),Intel Product Code (Product 1),Intel Product description (Product 1),Intel Product Quantity (Product 1),intel_product_type_product2,intel_product_code_product2,intel_product_description_product2,intel_product_quantity_product2,intel_product_type_product3,intel_product_code_product3,intel_product_description_product3,intel_product_quantity_product3,intel_product_type_product4,intel_product_code_product4,intel_product_description_product4,intel_product_quantity_product4,software_solutions,operating_system,end_customer_industry,revenue,market_segment_share,cpu_volume,average_selling_price,annual_recurring_revenue_amount_dollars,
1173789,Fortanix-United States,10000013,chris.w.johnson@intel.com,steve.p.peigh@intel.com,11/7/2022,On-Prem,On-Prem (OEM Server),New,N/A,N/A,8856,N/A,m4.2xlarge,# CPUs,1400,1513977,,0079a000frXex23,,US,CPU,Proxy Xeon9,Proxy Xeon,244,,,,,,,,,,,,,,,,0,95,11200,350,27431
1117379,Fortinet-United States,10000013,chris.w.johnson@intel.com,steve.p.peigh@intel.com,11/8/2022,On-Prem,Cloud (CSP),New,N/A,N/A,N/A,N/A,,# CPUs,2689,1513978,,0079a000frXex24,NAR,US,CPU,Proxy Xeon10,Proxy Xeon,245,,,,,,,,,,,,,,,,3920001,96,,,
1117380,Fortinet-United States,10000013,chris.w.johnson@intel.com,steve.p.peigh@intel.com,,On-Prem,Cloud (CSP),New,N/A,N/A,N/A,N/A,,# CPUs,2689,1513978,Null in Transaction Date,0079a000frXex24,NAR,US,CPU,Proxy Xeon10,Proxy Xeon,245,,,,,,,,,,,,,,,,3920001,96,,,
1117381,Fortinet-United States,10000013,chris.w.johnson@intel.com,steve.p.peigh@intel.com,11/33/2022,On-Prem,Cloud (CSP),New,N/A,N/A,N/A,N/A,,# CPUs,2689,1513978,Invalid Date in Transaction Date,0079a000frXex24,NAR,US,CPU,Proxy Xeon10,Proxy Xeon,245,,,,,,,,,,,,,,,,3920001,96,,,
1117382,Fortinet-United States,10000013,chris.w.johnson@intel.com,steve.p.peigh@intel.com,32/12/2022,On-Prem,Cloud (CSP),New,N/A,N/A,N/A,N/A,,# CPUs,2689,1513978,Invalid Date in Transaction Date,0079a000frXex24,NAR,US,CPU,Proxy Xeon10,Proxy Xeon,245,,,,,,,,,,,,,,,,3920001,96,,,
1117383,Fortinet-United States,10000013,chris.w.johnson@intel.com,steve.p.peigh@intel.com,20221212,On-Prem,Cloud (CSP),New,N/A,N/A,N/A,N/A,,# CPUs,2689,1513978,Different Format in Transaction Date,0079a000frXex24,NAR,US,CPU,Proxy Xeon10,Proxy Xeon,245,,,,,,,,,,,,,,,,3920001,96,,,
1117384,Fortinet-United States,10000013,chris.w.johnson@intel.com,steve.p.peigh@intel.com,12/12/2022,On-Prem,Cloud (CSP),New,N/A,N/A,N/A,N/A,,# CPUs,2689,1513978,Different Format(hyphen) in Transaction Date,0079a000frXex24,NAR,US,CPU,Proxy Xeon10,Proxy Xeon,245,,,,,,,,,,,,,,,,3920001,96,,,
1117378,Fortanix-United States,10000013,chris.w.johnson@intel.com,steve.p.peigh@intel.com,11/7/2022,On-Prem,,New,N/A,N/A,8856,N/A,m4.2xlarge,# CPUs,1400,1513977,null in deployment type,0079a000frXex23,,US,CPU,Proxy Xeon9,Proxy Xeon,244,,,,,,,,,,,,,,,,0,95,11200,350,27431
1117379,Fortinet-United States,10000013,chris.w.johnson@intel.com,steve.p.peigh@intel.com,11/8/2022,On-Prem,Cloud (CSP),New,N/A,N/A,N/A,N/A,,# CPUs,2689,1513978,null in revenue,0079a000frXex24,NAR,US,CPU,Proxy Xeon10,Proxy Xeon,245,,,,,,,,,,,,,,,,,96,,,
,Fortanix-United States,10000013,chris.w.johnson@intel.com,steve.p.peigh@intel.com,11/7/2022,On-Prem,On-Prem (OEM Server),New,N/A,N/A,8856,N/A,m4.2xlarge,# CPUs,1400,1513977,null in UCDID    ,0079a000frXex23,,US,CPU,Proxy Xeon9,Proxy Xeon,244,,,,,,,,,,,,,,,,0,95,11200,350,27431
1117379,Fortinet-United States,,chris.w.johnson@intel.com,steve.p.peigh@intel.com,11/8/2022,On-Prem,Cloud (CSP),New,N/A,N/A,N/A,N/A,,# CPUs,2689,1513978,null in opid,0079a000frXex24,NAR,US,CPU,Proxy Xeon10,Proxy Xeon,245,,,,,,,,,,,,,,,,3920001,96,,,
1117378,,10000013,chris.w.johnson@intel.com,steve.p.peigh@intel.com,11/7/2022,On-Prem,On-Prem (OEM Server),New,N/A,N/A,8856,N/A,m4.2xlarge,# CPUs,1400,1513977,null in customer name,0079a000frXex23,,US,CPU,Proxy Xeon9,Proxy Xeon,244,,,,,,,,,,,,,,,,0,95,11200,350,27431
1117379,Fortinet-United States,10000013,,steve.p.peigh@intel.com,11/8/2022,On-Prem,Cloud (CSP),New,N/A,N/A,N/A,N/A,,# CPUs,2689,1513978,null in customer contact,0079a000frXex24,NAR,US,CPU,Proxy Xeon10,Proxy Xeon,245,,,,,,,,,,,,,,,,3920001,96,,,
1117378,Fortanix-United States,10000013,chris.w.johnson@intel.com,,11/7/2022,On-Prem,On-Prem (OEM Server),New,N/A,N/A,8856,N/A,m4.2xlarge,# CPUs,1400,1513977,null in intel contact email,0079a000frXex23,,US,CPU,Proxy Xeon9,Proxy Xeon,244,,,,,,,,,,,,,,,,0,95,11200,350,27431
1117379,Fortinet-United States,10000013,chris.w.johnson@intel.com,steve.p.peigh@intel.com,11/8/2022,,Cloud (CSP),New,N/A,N/A,N/A,N/A,,# CPUs,2689,1513978,null in business model,0079a000frXex24,NAR,US,CPU,Proxy Xeon10,Proxy Xeon,245,,,,,,,,,,,,,,,,3920001,96,,,
1117379,Fortinet-United States,10000013,chris.w.johnson@intel.com,steve.p.peigh@intel.com,11/8/2022,On-Prem,Cloud (CSP),,N/A,N/A,N/A,N/A,,# CPUs,2689,1513978,null in license type,0079a000frXex24,NAR,US,CPU,Proxy Xeon10,Proxy Xeon,245,,,,,,,,,,,,,,,,3920001,96,,,
1117378,Fortanix-United States,10000013,chris.w.johnson@intel.com,steve.p.peigh@intel.com,11/7/2022,On-Prem,On-Prem (OEM Server),New,N/A,N/A,8856,N/A,m4.2xlarge,,1400,1513977,null in license model,0079a000frXex23,,US,CPU,Proxy Xeon9,Proxy Xeon,244,,,,,,,,,,,,,,,,0,95,11200,350,27431
1117379,Fortinet-United States,10000013,chris.w.johnson@intel.com,steve.p.peigh@intel.com,11/8/2022,On-Prem,Cloud (CSP),New,N/A,N/A,N/A,N/A,,# CPUs,2689,1513978,product type - 2  provided but all values not provided,0079a000frXex24,NAR,US,CPU,Proxy Xeon10,Proxy Xeon,245,Monitor,,,,,,,,,,,,,,,3920001,96,,,
1117378,Fortanix-United States,10000013,chris.w.johnson@intel.com,steve.p.peigh@intel.com,11/7/2022,On-Prem,On-Prem (OEM Server),New,N/A,N/A,8856,N/A,m4.2xlarge,# CPUs,1400,1513977,product type - 2  provided but one value not provided,0079a000frXex23,,US,CPU,Proxy Xeon9,Proxy Xeon,244,CPU,Proxy Xeon9,,244,,,,,,,,,,,,0,95,11200,350,27431
1117379,Fortinet-United States,10000013,chris.w.johnson@intel.com,steve.p.peigh@intel.com,11/8/2022,On-Prem,Cloud (CSP),New,N/A,N/A,N/A,N/A,,# CPUs,2689,1513978,product type - 2  provided but two value not provided,0079a000frXex24,NAR,US,CPU,Proxy Xeon10,Proxy Xeon,245,CPU,,,245,,,,,,,,,,,,3920001,96,,,
1117378,Fortanix-United States,10000013,chris.w.johnson@intel.com,steve.p.peigh@intel.com,11/7/2022,On-Prem,On-Prem (OEM Server),New,N/A,N/A,8856,N/A,m4.2xlarge,# CPUs,1400,1513977,product type - 2  provided but two value not provided,0079a000frXex23,,US,CPU,Proxy Xeon9,Proxy Xeon,244,CPU,,Proxy Xeon9,,,,,,,,,,,,,0,95,11200,350,27431
1117379,Fortinet-United States,10000013,chris.w.johnson@intel.com,steve.p.peigh@intel.com,11/8/2022,On-Prem,Cloud (CSP),New,N/A,N/A,N/A,N/A,,# CPUs,2689,1513978,product type - 3  provided but all values not provided,0079a000frXex24,NAR,US,CPU,Proxy Xeon10,Proxy Xeon,245,,,,,Monitor,,,,,,,,,,,3920001,96,,,
1117379,Fortinet-United States,10000013,chris.w.johnson@intel.com,steve.p.peigh@intel.com,11/8/2022,On-Prem,Cloud (CSP),New,N/A,N/A,N/A,N/A,,# CPUs,2689,1513978,product type - 3  provided but one value not provided,0079a000frXex24,NAR,US,CPU,Proxy Xeon10,Proxy Xeon,245,,,,,CPU,Proxy Xeon9,,244,,,,,,,,3920001,96,,,
1117378,Fortanix-United States,10000013,chris.w.johnson@intel.com,steve.p.peigh@intel.com,11/7/2022,On-Prem,On-Prem (OEM Server),New,N/A,N/A,8856,N/A,m4.2xlarge,# CPUs,1400,1513977,product type - 3  provided but two value not provided,0079a000frXex23,,US,CPU,Proxy Xeon9,Proxy Xeon,244,,,,,CPU,,,245,,,,,,,,0,95,11200,350,27431
1117379,Fortinet-United States,10000013,chris.w.johnson@intel.com,steve.p.peigh@intel.com,11/8/2022,On-Prem,Cloud (CSP),New,N/A,N/A,N/A,N/A,,# CPUs,2689,1513978,product type - 3  provided but two value not provided,0079a000frXex24,NAR,US,CPU,Proxy Xeon10,Proxy Xeon,245,,,,,CPU,,Proxy Xeon9,,,,,,,,,3920001,96,,,
1117378,Fortanix-United States,10000013,chris.w.johnson@intel.com,steve.p.peigh@intel.com,11/7/2022,On-Prem,On-Prem (OEM Server),New,N/A,N/A,8856,N/A,m4.2xlarge,# CPUs,1400,1513977,product type - 4  provided but all values not provided,0079a000frXex23,,US,CPU,Proxy Xeon9,Proxy Xeon,244,,,,,,,,,Monitor,,,,,,,0,95,11200,350,27431
1117379,Fortinet-United States,10000013,chris.w.johnson@intel.com,steve.p.peigh@intel.com,11/8/2022,On-Prem,Cloud (CSP),New,N/A,N/A,N/A,N/A,,# CPUs,2689,1513978,product type - 4  provided but one value not provided,0079a000frXex24,NAR,US,CPU,Proxy Xeon10,Proxy Xeon,245,,,,,,,,,CPU,Proxy Xeon9,,244,,,,3920001,96,,,
1117378,Fortanix-United States,10000013,chris.w.johnson@intel.com,steve.p.peigh@intel.com,11/7/2022,On-Prem,On-Prem (OEM Server),New,N/A,N/A,8856,N/A,m4.2xlarge,# CPUs,1400,1513977,product type - 4  provided but two value not provided,0079a000frXex23,,US,CPU,Proxy Xeon9,Proxy Xeon,244,,,,,,,,,CPU,,,245,,,,0,95,11200,350,27431
1117379,Fortinet-United States,10000013,chris.w.johnson@intel.com,steve.p.peigh@intel.com,11/8/2022,On-Prem,Cloud (CSP),New,N/A,N/A,N/A,N/A,,# CPUs,2689,1513978,product type - 4  provided but two value not provided,0079a000frXex24,NAR,US,CPU,Proxy Xeon10,Proxy Xeon,245,,,,,,,,,CPU,,Proxy Xeon9,,,,,3920001,96,,,
1117379,Fortinet-United States,10000013,chris.w.johnson@intel.com,steve.p.peigh@intel.com,11/8/2022,On-Prem,Cloud (CSP),New,N/A,N/A,N/A,N/A,,# CPUs,2689,1513978,product type 1 is empty but 2 is filled,0079a000frXex24,NAR,US,,,,,CPU,Proxy Xeon10,Proxy Xeon,245,,,,,,,,,,,,3920001,96,,,
1117378,Fortanix-United States,10000013,chris.w.johnson@intel.com,steve.p.peigh@intel.com,11/7/2022,On-Prem,On-Prem (OEM Server),New,N/A,N/A,8856,N/A,m4.2xlarge,# CPUs,1400,1513977,"product type 1,2 is empty but 3 is filled",0079a000frXex23,,US,,,,,,,,,CPU,Proxy Xeon9,Proxy Xeon,244,,,,,,,,0,95,11200,350,27431
1117379,Fortinet-United States,10000013,chris.w.johnson@intel.com,steve.p.peigh@intel.com,11/8/2022,On-Prem,Cloud (CSP),New,N/A,N/A,N/A,N/A,,# CPUs,2689,1513978,"product type 1,2,3 is empty but 4 is filled",0079a000frXex24,NAR,US,,,,,,,,,,,,,CPU,Proxy Xeon10,Proxy Xeon,245,,,,3920001,96,,,
1117378,Fortanix-United States,10000013,chris.w.johnson@intel.com,steve.p.peigh@intel.com,11/7/2022,On-Prem,On-Prem (OEM Server),New,N/A,N/A,8856,N/A,m4.2xlarge,# CPUs,1400,1513977,All product type filled,0079a000frXex23,,US,CPU,Proxy Xeon9,Proxy Xeon,244,CPU,Proxy Xeon9,Proxy Xeon,244,CPU,Proxy Xeon9,Proxy Xeon,244,CPU,Proxy Xeon9,Proxy Xeon,244,,,,0,95,11200,350,27431
1117379,Fortinet-United States,10000013,chris.w.johnson@intel.com,steve.p.peigh@intel.com,11/8/2022,On-Prem,Cloud (CSP),New,N/A,N/A,N/A,N/A,,# CPUs,2689,1513978,"product type 1,3 is filled, 2 ,4 is half filled",0079a000frXex24,NAR,US,CPU,Proxy Xeon10,Proxy Xeon,245,Monitor,,,,CPU,Proxy Xeon10,Proxy Xeon,245,MOnitor,,,,,,,3920001,96,,,
1117378,Fortanix-United States,10000013,chris.w.johnson@intel.com,steve.p.peigh@intel.com,11/7/2022,On-Prem,On-Prem (OEM Server),New,N/A,N/A,8856,N/A,m4.2xlarge,# CPUs,,1513977,Amount of data is mandatory unless Licensing Model is '# Hours Consumed' then amount of hours consumed is mandatory.,0079a000frXex23,,US,CPU,Proxy Xeon9,Proxy Xeon,244,,,,,,,,,,,,,,,,0,95,11200,350,27431
1117379,Fortinet-United States,10000013,chris.w.johnson@intel.com,steve.p.peigh@intel.com,11/8/2022,On-Prem,Cloud (CSP),New,N/A,N/A,N/A,N/A,,# CPUs,,1513978,Amount of data is null if not hours consumed,0079a000frXex24,NAR,US,CPU,Proxy Xeon10,Proxy Xeon,245,,,,,,,,,,,,,,,,3920001,96,,,
1117379,Fortinet-United States,10000013,chris.w.johnson@intel.com,steve.p.peigh@intel.com,11/8/2022,On-Prem,Cloud (CSP),New,N/A,N/A,N/A,N/A,,# CPUs,2689,1513978,"for On-Prem, End Customer Country is mandatory",0079a000frXex24,NAR,,CPU,Proxy Xeon10,Proxy Xeon,245,,,,,,,,,,,,,,,,3920001,96,,,
1117378,Fortanix-United States,10000013,chris.w.johnson@intel.com,steve.p.peigh@intel.com,11/7/2022,Cloud,On-Prem (OEM Server),New,CSP,N/A,8856,Instnace type,m4.2xlarge,# CPUs,1400,1513977,"for Cloud, End Customer Country is not mandatory",0079a000frXex23,,,CPU,Proxy Xeon9,Proxy Xeon,244,,,,,,,,,,,,,,,,0,95,11200,350,27431
1117379,Fortinet-United States,10000013,chris.w.johnson@intel.com,steve.p.peigh@intel.com,11/8/2022,On-Prem,Cloud (CSP),New,N/A,N/A,N/A,N/A,,# Hours Consumed,2689,,Amount of hours consumed is mandatory and licensing model is '# Hours Consumed' -Amount of Hours Consumed,0079a000frXex24,NAR,US,CPU,Proxy Xeon10,Proxy Xeon,245,,,,,,,,,,,,,,,,3920001,96,,,
1117378,Fortanix-United States,10000013,chris.w.johnson@intel.com,steve.p.peigh@intel.com,11/7/2022,On-Prem,On-Prem (OEM Server),New,N/A,N/A,8856,N/A,m4.2xlarge,# Hours Consumed,1400,1513977,Amount of hours consumed is mandatory and licensing model is '# Hours Consumed' -Amount of Hours Consumed,0079a000frXex23,,US,CPU,Proxy Xeon9,Proxy Xeon,244,,,,,,,,,,,,,,,,0,95,11200,350,27431
1117379,Fortinet-United States,10000013,chris.w.johnson@intel.com,steve.p.peigh@intel.com,11/8/2022,Cloud,Cloud (CSP),New,N/A,N/A,N/A,N/A,,# CPUs,2689,1513978,,0079a000frXex24,NAR,US,CPU,Proxy Xeon10,Proxy Xeon,245,,,,,,,,,,,,,,,,3920001,96,,,
1117378,Fortanix-United States,10000013,chris.w.johnson@intel.com,steve.p.peigh@intel.com,11/7/2022,Cloud,On-Prem (OEM Server),New,CSP,N/A,8856,Instnace type,m4.2xlarge,# CPUs,1400,1513977,"For cloud, CSP, Instnce type is mandtory",0079a000frXex23,,US,CPU,Proxy Xeon9,Proxy Xeon,244,,,,,,,,,,,,,,,,0,95,11200,350,27431
1117379,Fortinet-United States,10000013,chris.w.johnson@intel.com,steve.p.peigh@intel.com,11/8/2022,Cloud,Cloud (CSP),New,,N/A,N/A,Instnace type,,# CPUs,2689,1513978,"For cloud, CSP is null , Instnce type has value",0079a000frXex24,NAR,US,CPU,Proxy Xeon10,Proxy Xeon,245,,,,,,,,,,,,,,,,3920001,96,,,
1117379,Fortinet-United States,10000013,chris.w.johnson@intel.com,steve.p.peigh@intel.com,11/8/2022,Cloud,Cloud (CSP),New,CSP,N/A,,n/a,,# CPUs,2689,1513978,"For cloud, CSP is not null , Instnce type is null",0079a000frXex24,NAR,US,CPU,Proxy Xeon10,Proxy Xeon,245,,,,,,,,,,,,,,,,3920001,96,,,
1117378,Fortanix-United States,10000013,chris.w.johnson@intel.com,steve.p.peigh@intel.com,11/7/2022,Cloud,On-Prem (OEM Server),New,,N/A,8856,,m4.2xlarge,# CPUs,1400,1513977,"For cloud, CSP is null , Instnce type is null",0079a000frXex23,,US,CPU,Proxy Xeon9,Proxy Xeon,244,,,,,,,,,,,,,,,,0,95,11200,350,27431
1117379,Fortinet-United States,10000013,chris.w.johnson@intel.com,steve.p.peigh@intel.com,11/8/2022,Cloud,Cloud (CSP),New,CSP,N/A,N/A,Instnace type,,# Hours Consumed,2689,1513978,#hours consumed - Amount of consumed is mandatory,0079a000frXex24,NAR,US,CPU,Proxy Xeon10,Proxy Xeon,245,,,,,,,,,,,,,,,,3920001,96,,,
1117378,Fortanix-United States,10000013,chris.w.johnson@intel.com,steve.p.peigh@intel.com,11/7/2022,Cloud,On-Prem (OEM Server),New,CSP,N/A,8856,Instnace type,m4.2xlarge,# Hours Consumed,1400,,,0079a000frXex23,,US,CPU,Proxy Xeon9,Proxy Xeon,244,,,,,,,,,,,,,,,,0,95,11200,350,27431
1117379,Fortinet-United States,10000013,chris.w.johnson@intel.com,steve.p.peigh@intel.com,11/8/2022,On-Prem,Cloud (CSP),New,,N/A,N/A,N/A,,# CPUs,2689,1513978,"On-Prem, CSP is null",0079a000frXex24,NAR,US,CPU,Proxy Xeon10,Proxy Xeon,245,,,,,,,,,,,,,,,,3920001,96,,,
1117378,Fortanix-United States,10000013,chris.w.johnson@intel.com,steve.p.peigh@intel.com,11/7/2022,On-Prem,On-Prem (OEM Server),New,N/A,N/A,8856,,m4.2xlarge,# CPUs,1400,1513977,"On-Prem, Instance type is null",0079a000frXex23,,US,CPU,Proxy Xeon9,Proxy Xeon,244,,,,,,,,,,,,,,,,0,95,11200,350,27431
1117379,Fortinet-United States,10000013,chris.w.johnson@intel.com,steve.p.peigh@intel.com,11/8/2022,On-Prem,Cloud (CSP),New,N/A,N/A,N/A,N/A,,# Hours Consumed,2689,,"On-Prem, Hours of consumed is null",0079a000frXex24,NAR,US,CPU,Proxy Xeon10,Proxy Xeon,245,,,,,,,,,,,,,,,,3920001,96,,,
1117378,Fortanix-United States,10000013,chris.w.johnson@intel.com,steve.p.peigh@intel.com,11/7/2022,On-Prem,On-Prem (OEM Server),New,N/A,N/A,8856,N/A,m4.2xlarge,# CPUs,1400,1513977,Revenue - $,0079a000frXex23,,US,CPU,Proxy Xeon9,Proxy Xeon,244,,,,,,,,,,,,,,,,"$3,920,001 ",95,11200,350,27431
1117379,Fortinet-United States,10000013,chris.w.johnson@intel.com,steve.p.peigh@intel.com,11/8/2022,On-Prem,Cloud (CSP),New,N/A,N/A,N/A,N/A,,# CPUs,2689,1513978,"Revenue - ,",0079a000frXex24,NAR,US,CPU,Proxy Xeon10,Proxy Xeon,245,,,,,,,,,,,,,,,,"39,20,001",96,,,
1117379,Fortinet-United States,10000013,chris.w.johnson@intel.com,steve.p.peigh@intel.com,11/8/2022,On-Prem,Cloud (CSP),New,N/A,N/A,N/A,N/A,,# CPUs,2689,1513978,"Revenue - $,,",0079a000frXex24,NAR,US,CPU,Proxy Xeon10,Proxy Xeon,245,,,,,,,,,,,,,,,,"$39,20,001",96,,,
1117378,Fortanix-United States,,chris.w.johnson@intel.com,steve.p.peigh@intel.com,,On-Prem,On-Prem (OEM Server),New,N/A,N/A,8856,N/A,m4.2xlarge,# CPUs,1400,1513977,"Two rules failed - Date,null in opid",0079a000frXex23,,US,CPU,Proxy Xeon9,Proxy Xeon,244,,,,,,,,,,,,,,,,0,95,11200,350,27431
1117379,Fortinet-United States,,,,11/8/2022,On-Prem,Cloud (CSP),New,N/A,N/A,N/A,N/A,,# CPUs,2689,1513978,"Three rules failed - null in opid, customer contact, intel contact mail",0079a000frXex24,NAR,US,CPU,Proxy Xeon10,Proxy Xeon,245,,,,,,,,,,,,,,,,3920001,96,,,
1117378,Fortanix-United States,10000013,chris.w.johnson@intel.com,steve.p.peigh@intel.com,                                      ,On-Prem,On-Prem (OEM Server),New,N/A,N/A,8856,N/A,m4.2xlarge,# CPUs,1400,1513977,Spaces in transaction,0079a000frXex23,,US,CPU,Proxy Xeon9,Proxy Xeon,244,,,,,,,,,,,,,,,,0,95,11200,350,27431
1117379,Fortinet-United States,10000013,chris.w.johnson@intel.com,steve.p.peigh@intel.com,11/8/2022,On-Prem,Cloud (CSP),New,N/A,N/A,N/A,N/A,,# CPUs,2689,1513978,,0079a000frXex24,NAR,US,CPU,Proxy Xeon10,Proxy Xeon,245,,,,,,,,,,,,,,,,3920001,96,,,
1117378,Fortanix-United States,10000013,chris.w.johnson@intel.com,steve.p.peigh@intel.com,11/7/2022,                                    ,On-Prem (OEM Server),New,N/A,N/A,8856,N/A,m4.2xlarge,# CPUs,1400,1513977,Spaces in business model,0079a000frXex23,,US,CPU,Proxy Xeon9,Proxy Xeon,244,,,,,,,,,,,,,,,,0,95,11200,350,27431
1117379,Fortinet-United States,10000013,chris.w.johnson@intel.com,steve.p.peigh@intel.com,11/8/2022,n/a,Cloud (CSP),New,N/A,N/A,N/A,N/A,,# CPUs,2689,1513978,n/a in business model,0079a000frXex24,NAR,US,CPU,Proxy Xeon10,Proxy Xeon,245,,,,,,,,,,,,,,,,3920001,96,,,
1117379,Fortinet-United States,10000013,chris.w.johnson@intel.com,steve.p.peigh@intel.com,11/8/2022,On-Prem,Cloud (CSP),New,N/A,N/A,N/A,N/A,,# CPUs,2689,1513978,,0079a000frXex24,NAR,US,CPU,Proxy Xeon10,Proxy Xeon,245,,,,,,,,,,,,,,,,3920001,96,,,
1117378,Fortanix-United States,10000013,chris.w.johnson@intel.com,steve.p.peigh@intel.com,11/7/2022,On-Prem,On-Prem (OEM Server),New,N/A,N/A,8856,N/A,m4.2xlarge,# CPUs,1400,1513977,,0079a000frXex23,,US,CPU,Proxy Xeon9,Proxy Xeon,244,,,,,,,,,,,,,,,,0,95,11200,350,27431
1117379,Fortinet-United States,10000013,chris.w.johnson@intel.com,steve.p.peigh@intel.com,11/8/2022,On-Prem,Cloud (CSP),New,N/A,N/A,N/A,N/A,,# CPUs,2689,1513978,,0079a000frXex24,NAR,US,CPU,Proxy Xeon10,Proxy Xeon,245,,,,,,,,,,,,,,,,3920001,96,,,
1117378,Fortanix-United States,10000013,chris.w.johnson@intel.com,steve.p.peigh@intel.com,11/7/2022,On-Prem,On-Prem (OEM Server),New,N/A,N/A,8856,N/A,m4.2xlarge,# CPUs,1400,1513977,,0079a000frXex23,,US,CPU,Proxy Xeon9,Proxy Xeon,244,,,,,,,,,,,,,,,,0,95,11200,350,27431
1117379,Fortinet-United States,10000013,chris.w.johnson@intel.com,steve.p.peigh@intel.com,11/8/2022,On-Prem,Cloud (CSP),New,N/A,N/A,N/A,N/A,,# CPUs,2689,1513978,,0079a000frXex24,NAR,US,CPU,Proxy Xeon10,Proxy Xeon,245,,,,,,,,,,,,,,,,3920001,96,,,
1117378,Fortanix-United States,10000013,chris.w.johnson@intel.com,steve.p.peigh@intel.com,11/7/2022,On-Prem,On-Prem (OEM Server),New,N/A,N/A,8856,N/A,m4.2xlarge,# CPUs,1400,1513977,,0079a000frXex23,,US,CPU,Proxy Xeon9,Proxy Xeon,244,,,,,,,,,,,,,,,,0,95,11200,350,27431
1117379,Fortinet-United States,10000013,chris.w.johnson@intel.com,steve.p.peigh@intel.com,11/8/2022,On-Prem,Cloud (CSP),New,N/A,N/A,N/A,N/A,,# CPUs,2689,1513978,,0079a000frXex24,NAR,US,CPU,Proxy Xeon10,Proxy Xeon,245,,,,,,,,,,,,,,,,3920001,96,,,
