﻿UCDID,Customer Name,OPID,Customer Contact,Intel Contact Email,Transaction/Submission Date,Business Model,Deployment Type,License Type,Public Cloud/CSP,Product Type,Reference Architecture Size,Instance Type,Instance Type Size,Licensing  Model,Amount of Data - Total Instances/Core,Amount of Hours Consumed,OEM,Customer CRM Opportunity ID,End Customer Region,End Customer Country,Intel Product Type (Product 1),Intel Product Code (Product 1),Intel Product description (Product 1),Intel Product Quantity (Product 1),Intel Product Type (Product 2),Intel Product Code (Product 2),Intel Product description (Product 2),Intel Product Quantity (Product 2),Intel Product Type (Product 3),Intel Product Code (Product 3),Intel Product description (Product 3),Intel Product Quantity (Product 3),Intel Product Type (Product 4),Intel Product Code (Product 4),Intel Product description (Product 4),Intel Product Quantity (Product 4),Software Solutions,OS/Operating System,End Customer Industry,Revenue,MSS,CPU Volume,ASP,ARR Amount $
1117367,NetApp-United States,10000012,nicholas.rago@intel.com,steve.p.peigh@intel.com,11/7/2022,Cloud,SaaS,New,AWS,CVO,22,m5dn,m5dn.24xlarge,# CPUs,36,,,,,US,CPU,Proxy Xeon,Proxy Xeon,11,,,,,,,,,,,,,,,,"$370,814 ",,,,236909
1117368,NetApp-United States,10000012,nicholas.rago@intel.com,steve.p.peigh@intel.com,10/5/2022,Cloud,SaaS,New,GCP,CVO,45,m5,m5.2xlarge,# CPUs,542,1535274,,0079a000frXex13,,US,CPU,Proxy Xeon,Proxy Xeon,163,,,,,,,,,,,,,,,,"328,401",70,,,39763
1117369,NetApp-United States,10000012,nicholas.rago@intel.com,steve.p.peigh@intel.com,11/7/2022,Cloud,SaaS,New,GCP,CVO,78,m5,m5.xlarge,# CPUs,782,1535275,,0079a000frXex14,,US,CPU,Proxy Xeon,Proxy Xeon,235,,,,,,,,,,,,,,,,"2,36,909.999",7100%,,,28629
1117370,Pure Storage-United States,10000014,nicholas.rago@intel.com,steve.p.peigh@intel.com,11/7/2022,Cloud,SaaS,New,GCP,CVO,8854,m4,m4.2xlarge,# CPUs,63,1535276,,0079a000frXex15,,US,CPU,Proxy Xeon1,Proxy Xeon,236,,,,,,,,,,,,,,,,"2,36,909.1000",72,,350,8448132
1117371,Pure Storage-United States,10000014,nicholas.rago@intel.com,steve.p.peigh@intel.com,11/6/2022,Cloud,SaaS,New,Azure,CVO,88,m5,r5.12xlarge,# CPUs,6,1535277,,0079a000frXex16,,US,CPU,Proxy Xeon2,Proxy Xeon,237,,,,,,,,,,,,,,,,"2,36,909.1001",88,,350,8448133
1117372,Pure Storage-United States,10000014,chris.w.johnson@intel.com,steve.p.peigh@intel.com,5/6/2022,On-Prem,IaaS,New,N/A,N/A,88,m6,r5.12xlarge,# CPUs,9143,1535278,,0079a000frXex17,,US,CPU,Proxy Xeon3,Proxy Xeon,238,,,,,,,,,,,,,,Linux,,"$370,814 ",89,27429,351,27431
1117373,Snowflake-ASMO,10000015,Eliyahu.Gavra@intel.com,steve.p.peigh@intel.com,7/7/2022,On-Prem,SaaS,New,N/A,N/A,88,m7,n2-standard-8,# CPUs,31683,1535279,,0079a000frXex18,,US,CPU,Proxy Xeon4,Proxy Xeon,239,,,,,,,,,,,,,Other,,Software,"$370,814 ",90,27430,352,27431
1117374,Snowflake-ASMO,10000015,Eliyahu.Gavra@intel.com,steve.p.peigh@intel.com,11/7/2022,On-Prem,SaaS,New,N/A,N/A,88,m8,d4v2,# CPUs,3046,1535280,,0079a000frXex19,,US,CPU,Proxy Xeon5,Proxy Xeon,240,,,,,,,,,,,,,Other,,Software,"$370,814 ",9100%,27431,353,27431
1117375,Snowflake-ASMO,10000015,Eliyahu.Gavra@intel.com,steve.p.peigh@intel.com,11/7/2022,On-Prem,SaaS,New,N/A,N/A,N/A,N/A,C5d.2xlarge,# CPUs,105712,55054718,,0079a000frXex20,,US,CPU,Proxy Xeon6,Proxy Xeon,241,,,,,,,,,,,,,Other,,Software,"$370,814 ",92,27432,350,27431
1117376,Snowflake-ASMO,10000016,Eliyahu.Gavra@intel.com,steve.p.peigh@intel.com,8/7/2022,On-Prem,SaaS,New,N/A,N/A,8854,N/A,m5.2xlarge,# CPUs,32223,16781976,,0079a000frXex21,,US,CPU,Proxy Xeon7,Proxy Xeon,242,,,,,,,,,,,,,Other,,Software,"2,36,909.1006",93,,350,27431
1117377,Snowflake-ASMO,10000013,Eliyahu.Gavra@intel.com,steve.p.peigh@intel.com,11/7/2022,On-Prem,SaaS,New,N/A,N/A,8855,N/A,m5.xlarge,# CPUs,2907,1513976,,0079a000frXex22,,US,CPU,Proxy Xeon8,Proxy Xeon,243,,,,,,,,,,,,,Other,,Software,"2,36,909.1007",94,,350,27431
1117378,Fortanix-United States,10000013,chris.w.johnson@intel.com,steve.p.peigh@intel.com,11/7/2022,On-Prem,On-Prem (OEM Server),New,N/A,N/A,8856,N/A,m4.2xlarge,# CPUs,1400,1513977,,0079a000frXex23,,US,CPU,Proxy Xeon9,Proxy Xeon,244,,,,,,,,,,,,,,,,0,95,11200,350,27431
1117379,Fortinet-United States,10000013,chris.w.johnson@intel.com,steve.p.peigh@intel.com,11/7/2022,On-Prem,Cloud (CSP),New,N/A,N/A,N/A,N/A,,# CPUs,2689,1513978,,0079a000frXex24,NAR,US,CPU,Proxy Xeon10,Proxy Xeon,245,,,,,,,,,,,,,,,,3920001,96,,,
