UCDID,Customer Name,OPID,Customer Contact,Intel Contact Email,Transaction/Submission Date,Business Model,Deployment Type,License Type,Public Cloud/CSP,Product Type,Reference Architecture Size,Instance Type,Instance Type Size,Licensing  Model,Amount of Data - Total Instances/Core,Amount of Hours Consumed,OEM,Customer CRM Opportunity ID,End Customer Region,End Customer Country,Intel Product Type (Product 1),Intel Product Code (Product 1),Intel Product description (Product 1),Intel Product Quantity (Product 1),Intel Product Type (Product 2),Intel Product Code (Product 2),Intel Product description (Product 2),Intel Product Quantity (Product 2),Intel Product Type (Product 3),Intel Product Code (Product 3),Intel Product description (Product 3),Intel Product Quantity (Product 3),Intel Product Type (Product 4),Intel Product Code (Product 4),Intel Product description (Product 4),Intel Product Quantity (Product 4),Software Solutions,OS/Operating System,End Customer Industry,Revenue,MSS,CPU Volume,ASP,ARR Amount $
111400,Fortanix-United States,       10000013            ,chris.w.johnson@intel.com,steve.p.peigh@intel.com,11/7/2022,On-Prem,On-Prem (OEM Server),New,N/A,N/A,8856,N/A,m4.2xlarge,# CPUs,1400,1513977,Space in opid,0079a000frXex23,,US,CPU,Proxy Xeon9,Proxy Xeon,244,Monitor,Proxy Xeon9,Proxy Xeon,244,,,,,,,,,,,,1000,95%,11200,350,27431
111401,Fortinet-United States,10000013,chris.w.johnson@intel.com,steve.p.peigh@intel.com,11/8/2022,On-Prem,Cloud (CSP),New,N/A,N/A,N/A,N/A,,# CPUs,    2689        ,        1513978                    ,Spaces ,0079a000frXex24,NAR,US,CPU,Proxy Xeon10,Proxy Xeon,245,,,,,,,,,,,,,,,,            3920001                  ,                96                    ,               112              ,                    100                           ,                 100                       
111402,Fortanix-United States,123,chris.w.johnson@intel.com,steve.p.peigh@intel.com,11/7/2022,On-Prem,On-Prem (OEM Server),New,N/A,N/A,8856,N/A,m4.2xlarge,# CPUs,1400,1513977,Fallout Record,0079a000frXex23,,US,CPU,Proxy Xeon9,Proxy Xeon,244,,,,,,,,,,,,,,,,0,95,11200,350,27431
111403,Fortinet-United States,10000001,chris.w.johnson@intel.com,steve.p.peigh@intel.com,11/8/2022,On-Prem,Cloud (CSP),New,N/A,N/A,N/A,N/A,,# CPUs,2689,1513978,Mss percentage,0079a000frXex24,NAR,US,CPU,Proxy Xeon10,Proxy Xeon,245,,,,,,,,,,,,,,,,3920001,96%,,,
111404,Fortinet-United States,10000002,chris.w.johnson@intel.com,steve.p.peigh@intel.com,11/8/2022,First_Vignesh_business_model_1,Cloud (CSP),New,N/A,N/A,N/A,N/A,,# CPUs,2689,1513978,New business model,0079a000frXex24,NAR,US,CPU,Proxy Xeon10,Proxy Xeon,245,,,,,,,,,,,,,,,,3920001,96%,,,
111405,Fortinet-United States,10000003,chris.w.johnson@intel.com,steve.p.peigh@intel.com,11/8/2022,On-Prem,First_Vignesh_deployment_type,New,N/A,N/A,N/A,N/A,,# CPUs,2689,1513978,New deployment type,0079a000frXex24,NAR,US,CPU,Proxy Xeon10,Proxy Xeon,245,,,,,,,,,,,,,,,,3920001,96%,,,
111406,Fortinet-United States,10000004,chris.w.johnson@intel.com,steve.p.peigh@intel.com,11/8/2022,On-Prem,Cloud (CSP),First_Vignesh_license_type,N/A,N/A,N/A,N/A,,# CPUs,2689,1513978,New license type,0079a000frXex24,NAR,US,CPU,Proxy Xeon10,Proxy Xeon,245,,,,,,,,,,,,,,,,3920001,96,,,
111407,Fortinet-United States,10000005,chris.w.johnson@intel.com,steve.p.peigh@intel.com,11/8/2022,On-Prem,Cloud (CSP),New,N/A,N/A,100000,N/A,,# CPUs,2689,1513978,New architecture size,0079a000frXex24,NAR,US,CPU,Proxy Xeon10,Proxy Xeon,245,,,,,,,,,,,,,,,,3920001,96,,,
111408,Fortinet-United States,10000006,chris.w.johnson@intel.com,steve.p.peigh@intel.com,11/8/2022,On-Prem,First_Vignesh_deployment_type,New,N/A,N/A,N/A,N/A,,# First_Vignesh license,2689,1513978,New licensing model cd,0079a000frXex24,NAR,US,CPU,Proxy Xeon10,Proxy Xeon,245,,,,,,,,,,,,,,,,3920001,96%,,,
111409,Fortinet-United States,10000007,chris.w.johnson@intel.com,steve.p.peigh@intel.com,11/8/2022,On-Prem,Cloud (CSP),New,N/A,N/A,N/A,N/A,,# CPUs,2689,1513978,New End customer industry type,0079a000frXex24,NAR,US,CPU,Proxy Xeon10,Proxy Xeon,245,,,,,,,,,,,,,,,First_Vignesh End Customer ,3920001,96,,,
111410,Fortanix-United States,10000008,chris.w.johnson@intel.com,steve.p.peigh@intel.com,11/7/2022,On-Prem,On-Prem (OEM Server),New,Cloud AWS,Cloud Product Type,8856,Rear,m4.2xlarge,# CPUs,1400,1513977,All values,0079a000frXex23,,EU,CPU,Proxy Xeon9,Proxy Xeon,244,,,,,,,,,,,,,First_Vignesh Software,First_Vignesh Operating System,,3920001,95,11200,350,27431
111400,Fortanix-United States,10000009,chris.w.johnson@intel.com,steve.p.peigh@intel.com,11/7/2022,On-Prem,On-Prem (OEM Server),New,N/A,N/A,8856,N/A,m4.2xlarge,# CPUs,1400,1513977,,0079a000frXex23,,US,CPU,Proxy Xeon9,Proxy Xeon,244,Monitor,Proxy Xeon9,Proxy Xeon,244,,,,,,,,,,,,1000,95%,11200,350,27431
111400,Fortanix-United States,10000010,chris.w.johnson@intel.com,steve.p.peigh@intel.com,11/7/2022,On-Prem,On-Prem (OEM Server),New,N/A,N/A,8856,N/A,m4.2xlarge,# CPUs,1400,1513977,,0079a000frXex23,,US,CPU,Proxy Xeon9,Proxy Xeon,244,Monitor,Proxy Xeon9,Proxy Xeon,244,,,,,,,,,,,,1000,95%,11200,350,27431
