﻿disti_direct_customer_name,disti_direct_customer_number,disti_direct_customer_street_addr1,disti_direct_customer_street_addr2,disti_direct_customer_city,disti_direct_customer_state,disti_direct_customer_zip_code,disti_direct_customer_country_code,direct_ipigid_number,sap_ship_to_number,invoice_number,invoice_line_number,resale_unit_quantity,invoice_date,disti_debit_note_number,application_code,design_win_number,disti_part_number,product_description,evo,v_pro,oem_product_line_model,operating_system,display_size,storage_type,gpu_oem,gpu_model,chromebook,var_field_name_01,var_field_name_02,var_field_name_03,var_field_name_04,var_field_name_05,var_field_name_06,var_field_name_07,var_field_name_08,var_field_name_09,var_field_name_10
DISTRIBUIDORA DE SOFTWARE MOVILIDAD SAS,123456789,CR 48 10 45 LC 385,,MEDELLIN,ANT,,CO,,CO,1030662,1,86,20220715,493Z1LS#ABM,HP,Mini PC,G6500,HP 600 G6 PD DM PG6500 4GB/128GB PC,,,PRODESK 600 G6,NEED MORE INFORMATION,,NMI,,,Not Chromebook,ProductDescription,Evo,vPro,OEM product line model,Operating System,Display size,Storage type,GPU OEM,GPU Model,Chromebook
SISTEMAS Y ACCESORIOS S.A.S.,,CARRERA 17A# 135- 34 BARRIO CEDRITOS,,BOGOTA,BOG,,US1,,CO,1030859,1,5,20220715,4S053LT#ABM,HP,Notebook,I5-1135G7,HP 440 G8 nSD Intel Ci5-1135G7 16 GB/512 SSD 14 Windows 10 Profesional,,,PROBOOK 440 G8,WINDOWS 10 PRO,14,SSD,INTEL,IRIS XE,Not Chromebook,ProductDescription,Evo,vPro,OEM product line model,Operating System,Display size,Storage type,GPU OEM,GPU Model,Chromebook
AMADO AVILA DIEGO FELIPE,123456791,CENTRO COMERCIAL LAESTACION LOCAL 102- 103- 104,,POPAYÁN,CAU,,IND,,CO,1030294,1,3,20221126,P0P8PRTA,DELL,Notebook,I7-1165G7,LATITUDE  5420  Intel Core i7 1165G7   /16 G/512 GB/14/WINDOWS10PRO/3Y,,,LATITUDE 5420,WINDOWS 10 PRO,14,NMI,,,Not Chromebook,ProductDescription,Evo,vPro,OEM product line model,Operating System,Display size,Storage type,GPU OEM,GPU Model,Chromebook
UNIPLES S.A.,123456792,CR 46 # 48C SUR 40 BG 105,,ENVIGADO,ANT,,12CO,10463061,CO,1030411,1,1,20220712,11LC000WLS,LENOVO,AIO,I3-1005G1,Desktop Lenovo V30a 22IIL  All In One/Intel CORE I3-1005G1 /RAM 8GB|256GB SSD /21.5 / WIN 10 PRO/1Y Onsite,,,THINKCENTRE V30A,WINDOWS 10 PRO,21.5,SSD,INTEL,,Not Chromebook,ProductDescription,Evo,vPro,OEM product line model,Operating System,Display size,Storage type,GPU OEM,GPU Model,Chromebook
COMUNICACION CELULAR  S.A. COMCEL S.A.,123456793,CARRERA 68A # 24B- 10,,BOGOTA,BOG,,,,CO,       ,1,-1,20220711,29B19LA#ABM_,HP,Notebook,I3-10110U,HP 14-cf2063la i3-10110U| 8GB | 1TB | 14 HD | NO TOUCH | UMA | Chalkboard Gray | DF | W10 SLEM+ABSOLUTE,,,PAVILION 14,WINDOWS 10,14,HDD,INTEL,,Not Chromebook,ProductDescription,Evo,vPro,OEM product line model,Operating System,Display size,Storage type,GPU OEM,GPU Model,Chromebook
GTI - ALBERTO ALVAREZ LOPEZ S.A.S.,123456794,CALLE 64 A # 21-10,ED. PORTAL DEL CABLE,MANIZALES,CAL,,CO,10465026,CO,1030552,1,26,20220712,11DUS2PG00,LENOVO,Mini PC,I5-10400T,Desktop ThinkCentre M70q Tiny|Core i5-10400T|RAM 8GB DDR4| 1TB HDD / WIN 10 PRO,,,THINKCENTRE M70Q,WINDOWS 10 PRO,,HDD,,,Not Chromebook,ProductDescription,Evo,vPro,OEM product line model,Operating System,Display size,Storage type,GPU OEM,GPU Model,Chromebook
SISTEMAS Y ACCESORIOS S.A.S.,,CARRERA 17A# 135- 34 BARRIO CEDRITOS,,BOGOTA,BOG,,CO,,CO,1030402,1,7,20220712,O309I582561TB3YM,DELL,Mini PC,I5-10500,Optiplex 3090 SFF Intel Core i5-10500 / 8GB/ 256 + 1 TB / WINDOWS 10 PRO/ 3Y PROSUPPORT + MONITOR E2220H,,,OPTIPLEX 3090,WINDOWS 10 PRO,,NMI,,,Not Chromebook,ProductDescription,Evo,vPro,OEM product line model,Operating System,Display size,Storage type,GPU OEM,GPU Model,Chromebook
INTEGRAR 3S S.A.S,123456796,CARRERA 48 20 114 OFI 723,CENTRO EMPRESARIAL CIUDAD DEL RIO TORRE 2,MEDELLIN,ANT,,CO,10196956,CO,1030315,1,1,20220711,30E4S07000,LENOVO,Desktop,I9-11900,WorkStation ThinkStation P350  Core i9-11900  8GB DDR4 3200MHz /256GB SSD M.2 + 1TB HDD 3.5 SATA 7200RPM  Tarjeta de Video NVIDIA QUADRO P2200 5GB,,,THINKSTATION P350,WINDOWS 10 PRO,,SSD,NVIDIA,QUADRO P2200,Not Chromebook,ProductDescription,Evo,vPro,OEM product line model,Operating System,Display size,Storage type,GPU OEM,GPU Model,Chromebook
PATIÑO Y CONTRERAS CIA SAS,123456797,AV 0 1 119 BRR QUINTA BOSCH,,CUCUTA,N. ,,,,CO,1030606,1,1,,4U937LT#ABM,HP,AIO,I7-10700,HP 400 G6 AIO INTEL CORE i7-10700 8GB 512GB DVDRW WiFi 6 2x2 Win 10 Pro 23.8 1-1-1 Adj Stand,,,PROONE 400 G6,WINDOWS 10 PRO,23.8,SSD,,,Not Chromebook,ProductDescription,Evo,vPro,OEM product line model,Operating System,Display size,Storage type,GPU OEM,GPU Model,Chromebook
COMUNICACION CELULAR  S.A. COMCEL S.A.,123456798,CARRERA 68A # 24B- 10,,BOGOTA,BOG,,CO,,CO,1030363,2,3,20220711,29B19LA#ABM_,HP,Notebook,I3-10110U,HP 14-cf2063la i3-10110U| 8GB | 1TB | 14 HD | NO TOUCH | UMA | Chalkboard Gray | DF | W10 SLEM+ABSOLUTE,,,PAVILION 14,WINDOWS 10,14,HDD,INTEL,,Not Chromebook,ProductDescription,Evo,vPro,OEM product line model,Operating System,Display size,Storage type,GPU OEM,GPU Model,Chromebook
REDESSOFT SAS,123456799,TRANSVERSAL 58# 104B- 20,,BOGOTA,BOG,,CO,,CO,1030318,1,5,20220711,30E4S07000,LENOVO,Desktop,I9-11900,WorkStation ThinkStation P350  Core i9-11900  8GB DDR4 3200MHz /256GB SSD M.2 + 1TB HDD 3.5 SATA 7200RPM  Tarjeta de Video NVIDIA QUADRO P2200 5GB,,,THINKSTATION P350,WINDOWS 10 PRO,,SSD,NVIDIA,QUADRO P2200,Not Chromebook,ProductDescription,Evo,vPro,OEM product line model,Operating System,Display size,Storage type,GPU OEM,GPU Model,Chromebook
XOREX DE COLOMBIA S.A.S.,123456800,CARRERA 7# 156- 68 OFICINA 2201- 2202,,BOGOTA,BOG,,CO,,CO,1030329,1,10,20220711,20WLS6GV00,LENOVO,Notebook,I7-1185G7,"Portatil ThinkPad X13 Intel Ci7-1185G7, 16GB, 512GB SSD, WIN 10 PRO, 3Y Onsite",,,THINKPAD X13,WINDOWS 10 PRO,13.3,SSD,,,Not Chromebook,ProductDescription,Evo,vPro,OEM product line model,Operating System,Display size,Storage type,GPU OEM,GPU Model,Chromebook
COMERCIALIZADORA SERLE.COM SAS,123456801,CALLE 122 N°21 - 55 AP 406,,BOGOTA,BOG,,CO,,CO,1030882,1,1,20220715,P346SFFI7T60_SED,DELL,Mini PC,I7-12700,PRECISION 3460 SFF Intel Core i7-12700/16GB/256SDx1T/Nvidia T600 4G/3Y,,,PRECISION 3460,NEED MORE INFORMATION,,NMI,NVIDIA,QUADRO T600,Not Chromebook,ProductDescription,Evo,vPro,OEM product line model,Operating System,Display size,Storage type,GPU OEM,GPU Model,Chromebook
