﻿disti_direct_customer_name,disti_direct_customer_number,disti_direct_customer_street_addr1,disti_direct_customer_street_addr2,disti_direct_customer_city,disti_direct_customer_state,disti_direct_customer_zip_code,disti_direct_customer_country_code,direct_ipigid_number,sap_ship_to_number,invoice_number,invoice_line_number,resale_unit_quantity,invoice_date,disti_debit_note_number,application_code,design_win_number,disti_part_number,product_description,evo,v_pro,oem_product_line_model,operating_system,display_size,storage_type,gpu_oem,gpu_model,chromebook,var_field_name_01,var_field_name_02,var_field_name_03,var_field_name_04,var_field_name_05,var_field_name_06,var_field_name_07,var_field_name_08,var_field_name_09,var_field_name_10
Vignesh_customer_dup_10201,,CARRERA 17A# 135- 34 BARRIO CEDRITOS,,BOGOTA,BOG,,CO,,CO,1030859,1,5,20211115,4S053LT#ABM,HP,Notebook,E-2124,HP 440 G8 nSD Intel Ci5-1135G7 16 GB/512 SSD 14 Windows 10 Profesional,"invoice_date < cut_off_date -> sdp,rcp -> sdp",,PROBOOK 440 G8,WINDOWS 10 PRO,14,SSD,INTEL,IRIS XE,Not Chromebook,ProductDescription,Evo,vPro,OEM product line model,Operating System,Display size,Storage type,GPU OEM,GPU Model,Chromebook
Vignesh_customer_dup_10202,123456792,CR 46 # 48C SUR 40 BG 105,,ENVIGADO,ANT,,CO,10463061,CO,1030411,1,90,20220619,11LC000WLS,LENOVO,AIO,E5603,Desktop Lenovo V30a 22IIL  All In One/Intel CORE I3-1005G1 /RAM 8GB|256GB SSD /21.5 / WIN 10 PRO/1Y Onsite,invoice_date < cut_off_date -> rcp,,THINKCENTRE V30A,WINDOWS 10 PRO,21.5,SSD,INTEL,,Not Chromebook,ProductDescription,Evo,vPro,OEM product line model,Operating System,Display size,Storage type,GPU OEM,GPU Model,Chromebook
Vignesh_customer_dup_10203,,CARRERA 17A# 135- 34 BARRIO CEDRITOS,,BOGOTA,BOG,,CO,,CO,1030859,1,5,20211115,4S053LT#ABM,HP,Notebook,6240R,HP 440 G8 nSD Intel Ci5-1135G7 16 GB/512 SSD 14 Windows 10 Profesional,"invoice_date < cut_off_date -> sdp,rcp -> sdp",,PROBOOK 440 G8,WINDOWS 10 PRO,14,SSD,INTEL,IRIS XE,Not Chromebook,ProductDescription,Evo,vPro,OEM product line model,Operating System,Display size,Storage type,GPU OEM,GPU Model,Chromebook
Vignesh_customer_dup_10204,,CARRERA 17A# 135- 34 BARRIO CEDRITOS,,BOGOTA,BOG,,CO,,CO,1030859,1,5,20221209,4S053LT#ABM,HP,Notebook,D-1622,HP 440 G8 nSD Intel Ci5-1135G7 16 GB/512 SSD 14 Windows 10 Profesional,"invoice_date > cut_off_date -> sdp,rcp -> sdp",,PROBOOK 440 G8,WINDOWS 10 PRO,14,SSD,INTEL,IRIS XE,Not Chromebook,ProductDescription,Evo,vPro,OEM product line model,Operating System,Display size,Storage type,GPU OEM,GPU Model,Chromebook
Vignesh_customer_dup_10205,,CARRERA 17A# 135- 34 BARRIO CEDRITOS,,BOGOTA,BOG,,CO,,CO,1030859,1,5,20221210,4S053LT#ABM,HP,Notebook,I5-1240U,HP 440 G8 nSD Intel Ci5-1135G7 16 GB/512 SSD 14 Windows 10 Profesional,invoice_date > cut_off_date -> rcp,,PROBOOK 440 G8,WINDOWS 10 PRO,14,SSD,INTEL,IRIS XE,Not Chromebook,ProductDescription,Evo,vPro,OEM product line model,Operating System,Display size,Storage type,GPU OEM,GPU Model,Chromebook
Vignesh_customer_dup_10206,,CARRERA 17A# 135- 34 BARRIO CEDRITOS,,BOGOTA,BOG,,CO,,CO,1030859,1,5,20221122,4S053LT#ABM,HP,Notebook,6240R,HP 440 G8 nSD Intel Ci5-1135G7 16 GB/512 SSD 14 Windows 10 Profesional,invoice_date > cut_off_date -> no match found -> hist -> sdp,,PROBOOK 440 G8,WINDOWS 10 PRO,14,SSD,INTEL,IRIS XE,Not Chromebook,ProductDescription,Evo,vPro,OEM product line model,Operating System,Display size,Storage type,GPU OEM,GPU Model,Chromebook
Vignesh_customer_dup_6009,,CARRERA 17A# 135- 34 BARRIO CEDRITOS,,BOGOTA,BOG,,CO,,CO,1030859,1,5,20221122,4S053LT#ABM,HP,Notebook,6240R,HP 440 G8 nSD Intel Ci5-1135G7 16 GB/512 SSD 14 Windows 10 Profesional,invoice_date > cut_off_date -> no match found -> hist -> sdp,,PROBOOK 440 G8,WINDOWS 10 PRO,14,SSD,INTEL,IRIS XE,Not Chromebook,ProductDescription,Evo,vPro,OEM product line model,Operating System,Display size,Storage type,GPU OEM,GPU Model,Chromebook
