﻿disti_direct_customer_name,disti_direct_customer_number,disti_direct_customer_street_addr1,disti_direct_customer_street_addr2,disti_direct_customer_city,disti_direct_customer_state,disti_direct_customer_zip_code,disti_direct_customer_country_code,disti_part_number,resale_unit_quantity,invoice_date,invoice_number,invoice_line_number,disti_debit_note_number,design_win_number,direct_ipigid_number,sap_ship_to_number,application_code,product_description,var_field_name_01,evo,var_field_name_02,v_pro,var_field_name_03,oem_product_line_model,var_field_name_04,operating_system,var_field_name_05,display_size,var_field_name_06,storage_type,var_field_name_07,gpu_oem,var_field_name_08,gpu_model,var_field_name_09,chromebook,var_field_name_10
DISTRIBUIDORA DE SOFTWARE MOVILIDAD SAS,123456789,CR 48 10 45 LC 385,,MEDELLIN,ANT,,1234,,CO,1030662,1,86,20220715,493Z1LS#ABM,HP,Mini PC,G6500,HP 600 G6 PD DM PG6500 4GB/128GB PC,Country code numeric,,PRODESK 600 G6,NEED MORE INFORMATION,,NMI,,,Not Chromebook,ProductDescription,Evo,vPro,OEM product line model,Operating System,Display size,Storage type,GPU OEM,GPU Model,Chromebook
SISTEMAS Y ACCESORIOS S.A.S.,123456790,CARRERA 17A# 135- 34 BARRIO CEDRITOS,,BOGOTA,BOG,,de345,,CO,1030294,1,5,20220715,4S053LT#ABM,HP,Notebook,I5-1135G7,HP 440 G8 nSD Intel Ci5-1135G7 16 GB/512 SSD 14 Windows 10 Profesional,Country code alpha numeric,,PROBOOK 440 G8,WINDOWS 10 PRO,14,SSD,INTEL,IRIS XE,Not Chromebook,ProductDescription,Evo,vPro,OEM product line model,Operating System,Display size,Storage type,GPU OEM,GPU Model,Chromebook
AMADO AVILA DIEGO FELIPE,123456791,CENTRO COMERCIAL LAESTACION LOCAL 102- 103- 104,,POPAYÁN,CAU,,DE345,,CO,1030294,1,3,20220715,P0P8PRTA,DELL,Notebook,I7-1165G7,LATITUDE  5420  Intel Core i7 1165G7   /16 G/512 GB/14/WINDOWS10PRO/3Y,Country code alpha numeric,,LATITUDE 5420,WINDOWS 10 PRO,14,NMI,,,Not Chromebook,ProductDescription,Evo,vPro,OEM product line model,Operating System,Display size,Storage type,GPU OEM,GPU Model,Chromebook
DISTRIBUIDORA,123456789,CR 48 10 45 LC 385,,MEDELLIN,ANT,,DER45FR,,CO,1030662,1,86,20220715,493Z1LS#ABM,HP,Mini PC,G6500,HP 600 G6 PD DM PG6500 4GB/128GB PC,Country code alpha numeric,,PRODESK 600 G6,NEED MORE INFORMATION,,NMI,,,Not Chromebook,ProductDescription,Evo,vPro,OEM product line model,Operating System,Display size,Storage type,GPU OEM,GPU Model,Chromebook
SISTEMAS Y ACCESORIOS S.A.S.,123456790,CR 48 10 45 LC 385,,MEDELLIN,BOG,,D4,,CO,1030859,1,5,20220715,4S053LT#ABM,HP,Notebook,I5-1135G7,HP 440 G8 nSD Intel Ci5-1135G7 16 GB/512 SSD 14 Windows 10 Profesional,Country code alpha numeric,,PROBOOK 440 G8,WINDOWS 10 PRO,14,SSD,INTEL,IRIS XE,Not Chromebook,ProductDescription,Evo,vPro,OEM product line model,Operating System,Display size,Storage type,GPU OEM,GPU Model,Chromebook
AMADO AVILA DIEGO FELIPE,123456791,CENTRO COMERCIAL LAESTACION LOCAL 102- 103- 104,,MEDELLIN,CAU,,4D,,CO,1030294,1,3,20220715,P0P8PRTA,DELL,Notebook,I7-1165G7,LATITUDE  5420  Intel Core i7 1165G7   /16 G/512 GB/14/WINDOWS10PRO/3Y,Country code alpha numeric,,LATITUDE 5420,WINDOWS 10 PRO,14,NMI,,,Not Chromebook,ProductDescription,Evo,vPro,OEM product line model,Operating System,Display size,Storage type,GPU OEM,GPU Model,Chromebook
DISTRIBUIDORA DE SOFTWARE MOVILIDAD SAS,123456789,CR 48 10 45 LC 385,,MEDELLIN,ANT,,IND,,CO,1030662,1,86,20220715,493Z1LS#ABM,HP,Mini PC,G6500,HP 600 G6 PD DM PG6500 4GB/128GB PC,Country Code not numeric,,PRODESK 600 G6,NEED MORE INFORMATION,,NMI,,,Not Chromebook,ProductDescription,Evo,vPro,OEM product line model,Operating System,Display size,Storage type,GPU OEM,GPU Model,Chromebook
SISTEMAS Y ACCESORIOS S.A.S.,123456790,CARRERA 17A# 135- 34 BARRIO CEDRITOS,,BOGOTA,BOG,,ENG,,CO,1030859,1,86,20220715,4S053LT#ABM,HP,Notebook,I5-1135G7,HP 440 G8 nSD Intel Ci5-1135G7 16 GB/512 SSD 14 Windows 10 Profesional,Country Code not numeric,,PROBOOK 440 G8,WINDOWS 10 PRO,14,SSD,INTEL,IRIS XE,Not Chromebook,ProductDescription,Evo,vPro,OEM product line model,Operating System,Display size,Storage type,GPU OEM,GPU Model,Chromebook
SISTEMAS Y ACCESORIOS S.A.S.,123456790,CARRERA 17A# 135- 34 BARRIO CEDRITOS,,BOGOTA,BOG,,,,CO,1030859,1,86,20220715,4S053LT#ABM,HP,Notebook,I5-1135G7,HP 440 G8 nSD Intel Ci5-1135G7 16 GB/512 SSD 14 Windows 10 Profesional,Country Code null,,PROBOOK 440 G8,WINDOWS 10 PRO,14,SSD,INTEL,IRIS XE,Not Chromebook,ProductDescription,Evo,vPro,OEM product line model,Operating System,Display size,Storage type,GPU OEM,GPU Model,Chromebook
SISTEMAS Y ACCESORIOS S.A.S.,123456790,CARRERA 17A# 135- 34 BARRIO CEDRITOS,,BOGOTA,BOG,,US,,CO,1030859,1,86,20220715,4S053LT#ABM,HP,Notebook,I5-1135G7,HP 440 G8 nSD Intel Ci5-1135G7 16 GB/512 SSD 14 Windows 10 Profesional,Country Code not numeric,,PROBOOK 440 G8,WINDOWS 10 PRO,14,SSD,INTEL,IRIS XE,Not Chromebook,ProductDescription,Evo,vPro,OEM product line model,Operating System,Display size,Storage type,GPU OEM,GPU Model,Chromebook
SISTEMAS Y ACCESORIOS S.A.S.,123456790,CARRERA 17A# 135- 34 BARRIO CEDRITOS,,BOGOTA,BOG,,US,,CO,1030859,1,86,,4S053LT#ABM,HP,Notebook,I5-1135G7,HP 440 G8 nSD Intel Ci5-1135G7 16 GB/512 SSD 14 Windows 10 Profesional,invoice date null,,PROBOOK 440 G8,WINDOWS 10 PRO,14,SSD,INTEL,IRIS XE,Not Chromebook,ProductDescription,Evo,vPro,OEM product line model,Operating System,Display size,Storage type,GPU OEM,GPU Model,Chromebook
SISTEMAS Y ACCESORIOS S.A.S.,123456790,CARRERA 17A# 135- 34 BARRIO CEDRITOS,,BOGOTA,BOG,,US,,CO,1030859,1,86,20220715,4S053LT#ABM,HP,Notebook,I5-1135G7,HP 440 G8 nSD Intel Ci5-1135G7 16 GB/512 SSD 14 Windows 10 Profesional,invoice date past date,,PROBOOK 440 G8,WINDOWS 10 PRO,14,SSD,INTEL,IRIS XE,Not Chromebook,ProductDescription,Evo,vPro,OEM product line model,Operating System,Display size,Storage type,GPU OEM,GPU Model,Chromebook
SISTEMAS Y ACCESORIOS S.A.S.,123456790,CARRERA 17A# 135- 34 BARRIO CEDRITOS,,BOGOTA,BOG,,US,,CO,1030859,1,86,20221123,4S053LT#ABM,HP,Notebook,I5-1135G7,HP 440 G8 nSD Intel Ci5-1135G7 16 GB/512 SSD 14 Windows 10 Profesional,invoice date current date,,PROBOOK 440 G8,WINDOWS 10 PRO,14,SSD,INTEL,IRIS XE,Not Chromebook,ProductDescription,Evo,vPro,OEM product line model,Operating System,Display size,Storage type,GPU OEM,GPU Model,Chromebook
SISTEMAS Y ACCESORIOS S.A.S.,123456790,CARRERA 17A# 135- 34 BARRIO CEDRITOS,,BOGOTA,BOG,,US,,CO,1030859,1,86,20221124,4S053LT#ABM,HP,Notebook,I5-1135G7,HP 440 G8 nSD Intel Ci5-1135G7 16 GB/512 SSD 14 Windows 10 Profesional,invoice date future date,,PROBOOK 440 G8,WINDOWS 10 PRO,14,SSD,INTEL,IRIS XE,Not Chromebook,ProductDescription,Evo,vPro,OEM product line model,Operating System,Display size,Storage type,GPU OEM,GPU Model,Chromebook
SISTEMAS Y ACCESORIOS S.A.S.,123456790,CARRERA 17A# 135- 34 BARRIO CEDRITOS,,BOGOTA,BOG,,US,,CO,1030859,1,86,20400715,4S053LT#ABM,HP,Notebook,I5-1135G7,HP 440 G8 nSD Intel Ci5-1135G7 16 GB/512 SSD 14 Windows 10 Profesional,invoice date future date,,PROBOOK 440 G8,WINDOWS 10 PRO,14,SSD,INTEL,IRIS XE,Not Chromebook,ProductDescription,Evo,vPro,OEM product line model,Operating System,Display size,Storage type,GPU OEM,GPU Model,Chromebook
SISTEMAS Y ACCESORIOS S.A.S.,123456790,CARRERA 17A# 135- 34 BARRIO CEDRITOS,,BOGOTA,BOG,,US,,CO,1030859,1,86,20221315,4S053LT#ABM,HP,Notebook,I5-1135G7,HP 440 G8 nSD Intel Ci5-1135G7 16 GB/512 SSD 14 Windows 10 Profesional,invalid invoice date,,PROBOOK 440 G8,WINDOWS 10 PRO,14,SSD,INTEL,IRIS XE,Not Chromebook,ProductDescription,Evo,vPro,OEM product line model,Operating System,Display size,Storage type,GPU OEM,GPU Model,Chromebook
SISTEMAS Y ACCESORIOS S.A.S.,123456790,CARRERA 17A# 135- 34 BARRIO CEDRITOS,,BOGOTA,BOG,,US,,CO,1030859,1,86,20220732,4S053LT#ABM,HP,Notebook,I5-1135G7,HP 440 G8 nSD Intel Ci5-1135G7 16 GB/512 SSD 14 Windows 10 Profesional,invalid invoice date,,PROBOOK 440 G8,WINDOWS 10 PRO,14,SSD,INTEL,IRIS XE,Not Chromebook,ProductDescription,Evo,vPro,OEM product line model,Operating System,Display size,Storage type,GPU OEM,GPU Model,Chromebook
SISTEMAS Y ACCESORIOS S.A.S.,123456790,CARRERA 17A# 135- 34 BARRIO CEDRITOS,,BOGOTA,BOG,,US,,CO,1030859,1,86,2022-07-15,4S053LT#ABM,HP,Notebook,I5-1135G7,HP 440 G8 nSD Intel Ci5-1135G7 16 GB/512 SSD 14 Windows 10 Profesional,invoice date different format,,PROBOOK 440 G8,WINDOWS 10 PRO,14,SSD,INTEL,IRIS XE,Not Chromebook,ProductDescription,Evo,vPro,OEM product line model,Operating System,Display size,Storage type,GPU OEM,GPU Model,Chromebook
SISTEMAS Y ACCESORIOS S.A.S.,123456790,CARRERA 17A# 135- 34 BARRIO CEDRITOS,,BOGOTA,BOG,,US,,CO,1030859,1,86,11/7/2022,4S053LT#ABM,HP,Notebook,I5-1135G7,HP 440 G8 nSD Intel Ci5-1135G7 16 GB/512 SSD 14 Windows 10 Profesional,invoice date different format,,PROBOOK 440 G8,WINDOWS 10 PRO,14,SSD,INTEL,IRIS XE,Not Chromebook,ProductDescription,Evo,vPro,OEM product line model,Operating System,Display size,Storage type,GPU OEM,GPU Model,Chromebook
SISTEMAS Y ACCESORIOS S.A.S.,123456790,CARRERA 17A# 135- 34 BARRIO CEDRITOS,,BOGOTA,BOG,,US,,CO,1030859,1,86,        ,4S053LT#ABM,HP,Notebook,I5-1135G7,HP 440 G8 nSD Intel Ci5-1135G7 16 GB/512 SSD 14 Windows 10 Profesional,invoice date spaces,,PROBOOK 440 G8,WINDOWS 10 PRO,14,SSD,INTEL,IRIS XE,Not Chromebook,ProductDescription,Evo,vPro,OEM product line model,Operating System,Display size,Storage type,GPU OEM,GPU Model,Chromebook
SISTEMAS Y ACCESORIOS S.A.S.,123456790,CARRERA 17A# 135- 34 BARRIO CEDRITOS,,BOGOTA,BOG,,US,,CO,,1,86,20220715,4S053LT#ABM,HP,Notebook,I5-1135G7,HP 440 G8 nSD Intel Ci5-1135G7 16 GB/512 SSD 14 Windows 10 Profesional,invoicce number null,,PROBOOK 440 G8,WINDOWS 10 PRO,14,SSD,INTEL,IRIS XE,Not Chromebook,ProductDescription,Evo,vPro,OEM product line model,Operating System,Display size,Storage type,GPU OEM,GPU Model,Chromebook
SISTEMAS Y ACCESORIOS S.A.S.,123456790,CARRERA 17A# 135- 34 BARRIO CEDRITOS,,BOGOTA,BOG,,US,,CO,           ,1,86,20220715,4S053LT#ABM,HP,Notebook,I5-1135G7,HP 440 G8 nSD Intel Ci5-1135G7 16 GB/512 SSD 14 Windows 10 Profesional,invoicce number spaces,,PROBOOK 440 G8,WINDOWS 10 PRO,14,SSD,INTEL,IRIS XE,Not Chromebook,ProductDescription,Evo,vPro,OEM product line model,Operating System,Display size,Storage type,GPU OEM,GPU Model,Chromebook
SISTEMAS Y ACCESORIOS S.A.S.,123456790,CARRERA 17A# 135- 34 BARRIO CEDRITOS,,BOGOTA,BOG,,       ,,CO,1030859,1,86,20220715,4S053LT#ABM,HP,Notebook,I5-1135G7,HP 440 G8 nSD Intel Ci5-1135G7 16 GB/512 SSD 14 Windows 10 Profesional,Country Code spaces,,PROBOOK 440 G8,WINDOWS 10 PRO,14,SSD,INTEL,IRIS XE,Not Chromebook,ProductDescription,Evo,vPro,OEM product line model,Operating System,Display size,Storage type,GPU OEM,GPU Model,Chromebook
,123456790,CARRERA 17A# 135- 34 BARRIO CEDRITOS,,BOGOTA,BOG,,US,,CO,1030859,1,86,20220715,4S053LT#ABM,HP,Notebook,I5-1135G7,HP 440 G8 nSD Intel Ci5-1135G7 16 GB/512 SSD 14 Windows 10 Profesional,Customer Name null,,PROBOOK 440 G8,WINDOWS 10 PRO,14,SSD,INTEL,IRIS XE,Not Chromebook,ProductDescription,Evo,vPro,OEM product line model,Operating System,Display size,Storage type,GPU OEM,GPU Model,Chromebook
         ,123456790,CARRERA 17A# 135- 34 BARRIO CEDRITOS,,BOGOTA,BOG,,US,,CO,1030859,1,86,20220715,4S053LT#ABM,HP,Notebook,I5-1135G7,HP 440 G8 nSD Intel Ci5-1135G7 16 GB/512 SSD 14 Windows 10 Profesional,Customer Name spaces,,PROBOOK 440 G8,WINDOWS 10 PRO,14,SSD,INTEL,IRIS XE,Not Chromebook,ProductDescription,Evo,vPro,OEM product line model,Operating System,Display size,Storage type,GPU OEM,GPU Model,Chromebook
SISTEMAS Y ACCESORIOS S.A.S.,123456790,,,BOGOTA,BOG,,US,,CO,1030859,1,86,20220715,4S053LT#ABM,HP,Notebook,I5-1135G7,HP 440 G8 nSD Intel Ci5-1135G7 16 GB/512 SSD 14 Windows 10 Profesional,street addr null,,PROBOOK 440 G8,WINDOWS 10 PRO,14,SSD,INTEL,IRIS XE,Not Chromebook,ProductDescription,Evo,vPro,OEM product line model,Operating System,Display size,Storage type,GPU OEM,GPU Model,Chromebook
SISTEMAS Y ACCESORIOS S.A.S.,123456790,         ,,BOGOTA,BOG,,US,,CO,1030859,1,86,20220715,4S053LT#ABM,HP,Notebook,I5-1135G7,HP 440 G8 nSD Intel Ci5-1135G7 16 GB/512 SSD 14 Windows 10 Profesional,street addr spaces,,PROBOOK 440 G8,WINDOWS 10 PRO,14,SSD,INTEL,IRIS XE,Not Chromebook,ProductDescription,Evo,vPro,OEM product line model,Operating System,Display size,Storage type,GPU OEM,GPU Model,Chromebook
SISTEMAS Y ACCESORIOS S.A.S.,123456790,CARRERA 17A# 135- 34 BARRIO CEDRITOS,,,BOG,,US,,CO,1030859,1,86,20220715,4S053LT#ABM,HP,Notebook,I5-1135G7,HP 440 G8 nSD Intel Ci5-1135G7 16 GB/512 SSD 14 Windows 10 Profesional,city null,,PROBOOK 440 G8,WINDOWS 10 PRO,14,SSD,INTEL,IRIS XE,Not Chromebook,ProductDescription,Evo,vPro,OEM product line model,Operating System,Display size,Storage type,GPU OEM,GPU Model,Chromebook
SISTEMAS Y ACCESORIOS S.A.S.,123456790,CARRERA 17A# 135- 34 BARRIO CEDRITOS,,            ,BOG,,US,,CO,1030859,1,86,20220715,4S053LT#ABM,HP,Notebook,I5-1135G7,HP 440 G8 nSD Intel Ci5-1135G7 16 GB/512 SSD 14 Windows 10 Profesional,city spaces,,PROBOOK 440 G8,WINDOWS 10 PRO,14,SSD,INTEL,IRIS XE,Not Chromebook,ProductDescription,Evo,vPro,OEM product line model,Operating System,Display size,Storage type,GPU OEM,GPU Model,Chromebook
SISTEMAS Y ACCESORIOS S.A.S.,123456790,CARRERA 17A# 135- 34 BARRIO CEDRITOS,,BOGOTA,BOG,,US,,CO,1030859,,86,20220715,4S053LT#ABM,HP,Notebook,I5-1135G7,HP 440 G8 nSD Intel Ci5-1135G7 16 GB/512 SSD 14 Windows 10 Profesional,line number null,,PROBOOK 440 G8,WINDOWS 10 PRO,14,SSD,INTEL,IRIS XE,Not Chromebook,ProductDescription,Evo,vPro,OEM product line model,Operating System,Display size,Storage type,GPU OEM,GPU Model,Chromebook
SISTEMAS Y ACCESORIOS S.A.S.,123456790,CARRERA 17A# 135- 34 BARRIO CEDRITOS,,BOGOTA,BOG,,US,,CO,1030859,,86,20220715,4S053LT#ABM,HP,Notebook,I5-1135G7,HP 440 G8 nSD Intel Ci5-1135G7 16 GB/512 SSD 14 Windows 10 Profesional,line number spaces,,PROBOOK 440 G8,WINDOWS 10 PRO,14,SSD,INTEL,IRIS XE,Not Chromebook,ProductDescription,Evo,vPro,OEM product line model,Operating System,Display size,Storage type,GPU OEM,GPU Model,Chromebook
SISTEMAS Y ACCESORIOS S.A.S.,123456790,CARRERA 17A# 135- 34 BARRIO CEDRITOS,,BOGOTA,BOG,,US,,CO,1030859,1,,20220715,4S053LT#ABM,HP,Notebook,I5-1135G7,HP 440 G8 nSD Intel Ci5-1135G7 16 GB/512 SSD 14 Windows 10 Profesional,Resale unit quantity null,,PROBOOK 440 G8,WINDOWS 10 PRO,14,SSD,INTEL,IRIS XE,Not Chromebook,ProductDescription,Evo,vPro,OEM product line model,Operating System,Display size,Storage type,GPU OEM,GPU Model,Chromebook
SISTEMAS Y ACCESORIOS S.A.S.,123456790,CARRERA 17A# 135- 34 BARRIO CEDRITOS,,BOGOTA,BOG,,US,,CO,1030859,1,         ,20220715,4S053LT#ABM,HP,Notebook,I5-1135G7,HP 440 G8 nSD Intel Ci5-1135G7 16 GB/512 SSD 14 Windows 10 Profesional,Resale unit quantity spaces,,PROBOOK 440 G8,WINDOWS 10 PRO,14,SSD,INTEL,IRIS XE,Not Chromebook,ProductDescription,Evo,vPro,OEM product line model,Operating System,Display size,Storage type,GPU OEM,GPU Model,Chromebook
SISTEMAS Y ACCESORIOS S.A.S.,123456790,CARRERA 17A# 135- 34 BARRIO CEDRITOS,,BOGOTA,BOG,,US,,CO,1030859,1,86,20220715,4S053LT#ABM,HP,,I5-1135G7,HP 440 G8 nSD Intel Ci5-1135G7 16 GB/512 SSD 14 Windows 10 Profesional,Design win number null,,PROBOOK 440 G8,WINDOWS 10 PRO,14,SSD,INTEL,IRIS XE,Not Chromebook,ProductDescription,Evo,vPro,OEM product line model,Operating System,Display size,Storage type,GPU OEM,GPU Model,Chromebook
SISTEMAS Y ACCESORIOS S.A.S.,123456790,CARRERA 17A# 135- 34 BARRIO CEDRITOS,,BOGOTA,BOG,,US,,CO,1030859,1,86,20220715,4S053LT#ABM,HP,            ,I5-1135G7,HP 440 G8 nSD Intel Ci5-1135G7 16 GB/512 SSD 14 Windows 10 Profesional,Design win number spaces,,PROBOOK 440 G8,WINDOWS 10 PRO,14,SSD,INTEL,IRIS XE,Not Chromebook,ProductDescription,Evo,vPro,OEM product line model,Operating System,Display size,Storage type,GPU OEM,GPU Model,Chromebook
SISTEMAS Y ACCESORIOS S.A.S.,123456790,CARRERA 17A# 135- 34 BARRIO CEDRITOS,,BOGOTA,BOG,,US,,CO,1030859,1,86,20220715,4S053LT#ABM,HP,Notebook,,HP 440 G8 nSD Intel Ci5-1135G7 16 GB/512 SSD 14 Windows 10 Profesional,Partnumber,,PROBOOK 440 G8,WINDOWS 10 PRO,14,SSD,INTEL,IRIS XE,Not Chromebook,ProductDescription,Evo,vPro,OEM product line model,Operating System,Display size,Storage type,GPU OEM,GPU Model,Chromebook
SISTEMAS Y ACCESORIOS S.A.S.,123456790,CARRERA 17A# 135- 34 BARRIO CEDRITOS,,BOGOTA,BOG,,US,,CO,1030859,1,86,20220715,4S053LT#ABM,HP,Notebook,        ,HP 440 G8 nSD Intel Ci5-1135G7 16 GB/512 SSD 14 Windows 10 Profesional,Partnumber spaces,,PROBOOK 440 G8,WINDOWS 10 PRO,14,SSD,INTEL,IRIS XE,Not Chromebook,ProductDescription,Evo,vPro,OEM product line model,Operating System,Display size,Storage type,GPU OEM,GPU Model,Chromebook
SISTEMAS Y ACCESORIOS S.A.S.,123456790,CARRERA 17A# 135- 34 BARRIO CEDRITOS,,BOGOTA,BOG,,US,,CO,1030859,1,86,,4S053LT#ABM,HP,Notebook,,HP 440 G8 nSD Intel Ci5-1135G7 16 GB/512 SSD 14 Windows 10 Profesional,date null and partnumber null,,PROBOOK 440 G8,WINDOWS 10 PRO,14,SSD,INTEL,IRIS XE,Not Chromebook,ProductDescription,Evo,vPro,OEM product line model,Operating System,Display size,Storage type,GPU OEM,GPU Model,Chromebook
SISTEMAS Y ACCESORIOS S.A.S.,123456790,CARRERA 17A# 135- 34 BARRIO CEDRITOS,,BOGOTA,BOG,,,,CO,1030859,1,86,,4S053LT#ABM,HP,Notebook,I5-1135G7,HP 440 G8 nSD Intel Ci5-1135G7 16 GB/512 SSD 14 Windows 10 Profesional,country code null and date null,,PROBOOK 440 G8,WINDOWS 10 PRO,14,SSD,INTEL,IRIS XE,Not Chromebook,ProductDescription,Evo,vPro,OEM product line model,Operating System,Display size,Storage type,GPU OEM,GPU Model,Chromebook
,123456790,CARRERA 17A# 135- 34 BARRIO CEDRITOS,,BOGOTA,BOG,,US12,,CO,1030859,1,86,,4S053LT#ABM,HP,Notebook,I5-1135G7,HP 440 G8 nSD Intel Ci5-1135G7 16 GB/512 SSD 14 Windows 10 Profesional,"null - date, wrong county code, null- name",,PROBOOK 440 G8,WINDOWS 10 PRO,14,SSD,INTEL,IRIS XE,Not Chromebook,ProductDescription,Evo,vPro,OEM product line model,Operating System,Display size,Storage type,GPU OEM,GPU Model,Chromebook
