﻿DistiDirectCustomerName,DistiDirectCustomerNumber,DistiDirectCustomerStreetAddr1,DistiDirectCustomerStreetAddr2,DistiDirectCustomerCity,DistiDirectCustomerState,DistiDirectCustomerZipCode,DistiDirectCustomerCountryCode,DirectIPIGIDNumber,SAPShipToNumber,InvoiceNumber,InvoiceLineNumber,ResaleUnitQuantity,InvoiceDate,DistiDebitNoteNumber,ApplicationCode,DesignWinNumber,DistiPartNumber,ProductDescription,Evo,vPro,OEM product line model,Operating System,Display size,Storage type,GPU OEM,GPU Model,Chromebook,VarFieldName01,VarFieldName02,VarFieldName03,VarFieldName04,VarFieldName05,VarFieldName06,VarFieldName07,VarFieldName08,VarFieldName09,VarFieldName10
DISTRIBUIDORA DE SOFTWARE MOVILIDAD SAS,123456789,CR 48 10 45 LC 385,,MEDELLIN,ANT,,CO,,CO,1030662,1,86,,493Z1LS#ABM,HP,Mini PC,G6500,HP 600 G6 PD DM PG6500 4GB/128GB PC,,,PRODESK 600 G6,NEED MORE INFORMATION,,NMI,,,Not Chromebook,ProductDescription,Evo,vPro,OEM product line model,Operating System,Display size,Storage type,GPU OEM,GPU Model,Chromebook
SISTEMAS Y ACCESORIOS S.A.S.,123456790,CARRERA 17A# 135- 34 BARRIO CEDRITOS,,BOGOTA,BOG,,CO,,CO,,1,5,20220715,4S053LT#ABM,HP,Notebook,I5-1135G7,HP 440 G8 nSD Intel Ci5-1135G7 16 GB/512 SSD 14 Windows 10 Profesional,,,PROBOOK 440 G8,WINDOWS 10 PRO,14,SSD,INTEL,IRIS XE,Not Chromebook,ProductDescription,Evo,vPro,OEM product line model,Operating System,Display size,Storage type,GPU OEM,GPU Model,Chromebook
AMADO AVILA DIEGO FELIPE,123456791,CENTRO COMERCIAL LAESTACION LOCAL 102- 103- 104,,POPAYÁN,CAU,,,,CO,1030294,1,3,20220715,P0P8PRTA,DELL,Notebook,I7-1165G7,LATITUDE  5420  Intel Core i7 1165G7   /16 G/512 GB/14/WINDOWS10PRO/3Y,,,LATITUDE 5420,WINDOWS 10 PRO,14,NMI,,,Not Chromebook,ProductDescription,Evo,vPro,OEM product line model,Operating System,Display size,Storage type,GPU OEM,GPU Model,Chromebook
,123456789,CR 48 10 45 LC 385,,MEDELLIN,ANT,,CO,,CO,1030662,1,86,20220715,493Z1LS#ABM,HP,Mini PC,G6500,HP 600 G6 PD DM PG6500 4GB/128GB PC,,,PRODESK 600 G6,NEED MORE INFORMATION,,NMI,,,Not Chromebook,ProductDescription,Evo,vPro,OEM product line model,Operating System,Display size,Storage type,GPU OEM,GPU Model,Chromebook
SISTEMAS Y ACCESORIOS S.A.S.,123456790,,,,BOG,,CO,,CO,1030859,1,5,20220715,4S053LT#ABM,HP,Notebook,I5-1135G7,HP 440 G8 nSD Intel Ci5-1135G7 16 GB/512 SSD 14 Windows 10 Profesional,,,PROBOOK 440 G8,WINDOWS 10 PRO,14,SSD,INTEL,IRIS XE,Not Chromebook,ProductDescription,Evo,vPro,OEM product line model,Operating System,Display size,Storage type,GPU OEM,GPU Model,Chromebook
AMADO AVILA DIEGO FELIPE,123456791,CENTRO COMERCIAL LAESTACION LOCAL 102- 103- 104,,,CAU,,CO,,CO,1030294,1,3,20220715,P0P8PRTA,DELL,Notebook,I7-1165G7,LATITUDE  5420  Intel Core i7 1165G7   /16 G/512 GB/14/WINDOWS10PRO/3Y,,,LATITUDE 5420,WINDOWS 10 PRO,14,NMI,,,Not Chromebook,ProductDescription,Evo,vPro,OEM product line model,Operating System,Display size,Storage type,GPU OEM,GPU Model,Chromebook
DISTRIBUIDORA DE SOFTWARE MOVILIDAD SAS,123456789,CR 48 10 45 LC 385,,MEDELLIN,ANT,,CO,,CO,1030662,,86,20220715,493Z1LS#ABM,HP,Mini PC,G6500,HP 600 G6 PD DM PG6500 4GB/128GB PC,,,PRODESK 600 G6,NEED MORE INFORMATION,,NMI,,,Not Chromebook,ProductDescription,Evo,vPro,OEM product line model,Operating System,Display size,Storage type,GPU OEM,GPU Model,Chromebook
SISTEMAS Y ACCESORIOS S.A.S.,123456790,CARRERA 17A# 135- 34 BARRIO CEDRITOS,,BOGOTA,BOG,,CO,,CO,1030859,1,,20220715,4S053LT#ABM,HP,Notebook,I5-1135G7,HP 440 G8 nSD Intel Ci5-1135G7 16 GB/512 SSD 14 Windows 10 Profesional,,,PROBOOK 440 G8,WINDOWS 10 PRO,14,SSD,INTEL,IRIS XE,Not Chromebook,ProductDescription,Evo,vPro,OEM product line model,Operating System,Display size,Storage type,GPU OEM,GPU Model,Chromebook
AMADO AVILA DIEGO FELIPE,123456791,CENTRO COMERCIAL LAESTACION LOCAL 102- 103- 104,,POPAYÁN,CAU,,CO,,CO,1030294,1,3,20220715,P0P8PRTA,DELL,,I7-1165G7,LATITUDE  5420  Intel Core i7 1165G7   /16 G/512 GB/14/WINDOWS10PRO/3Y,,,LATITUDE 5420,WINDOWS 10 PRO,14,NMI,,,Not Chromebook,ProductDescription,Evo,vPro,OEM product line model,Operating System,Display size,Storage type,GPU OEM,GPU Model,Chromebook
DISTRIBUIDORA DE SOFTWARE MOVILIDAD SAS,123456789,CR 48 10 45 LC 385,,MEDELLIN,ANT,,CO,,CO,1030662,1,86,20220715,493Z1LS#ABM,HP,Mini PC,,HP 600 G6 PD DM PG6500 4GB/128GB PC,,,PRODESK 600 G6,NEED MORE INFORMATION,,NMI,,,Not Chromebook,ProductDescription,Evo,vPro,OEM product line model,Operating System,Display size,Storage type,GPU OEM,GPU Model,Chromebook
SISTEMAS Y ACCESORIOS S.A.S.,123456790,CARRERA 17A# 135- 34 BARRIO CEDRITOS,,BOGOTA,BOG,,CO,,CO,,1,5,,4S053LT#ABM,HP,Notebook,I5-1135G7,HP 440 G8 nSD Intel Ci5-1135G7 16 GB/512 SSD 14 Windows 10 Profesional,,,PROBOOK 440 G8,WINDOWS 10 PRO,14,SSD,INTEL,IRIS XE,Not Chromebook,ProductDescription,Evo,vPro,OEM product line model,Operating System,Display size,Storage type,GPU OEM,GPU Model,Chromebook
AMADO AVILA DIEGO FELIPE,123456791,CENTRO COMERCIAL LAESTACION LOCAL 102- 103- 104,,POPAYÁN,CAU,,CO,,CO,1030294,1,3,20220715,P0P8PRTA,DELL,Notebook,I7-1165G7,LATITUDE  5420  Intel Core i7 1165G7   /16 G/512 GB/14/WINDOWS10PRO/3Y,,,LATITUDE 5420,WINDOWS 10 PRO,14,NMI,,,Not Chromebook,ProductDescription,Evo,vPro,OEM product line model,Operating System,Display size,Storage type,GPU OEM,GPU Model,Chromebook
