PartnerCMF#,SFAccountID,DateOfShipment,ShipToName,CustomerType,ShipToCountryCode,PartnerPartNumber,Quantity
6100010602,,9/9/21,THIEN SON Technology Corporation,Direct End Customer,123,Adlink_TBD,4
6100010602,,9/22/21,powerBridge,Direct End Customer,DER,Dell_4114,6
6100010602,,12-22-21,Jabil Circuit,Direct End Customer,RED,Dell_4114,800
6100010602,001o000000O66uJAAR,9/22/21,Steatite Ltd,,GB,Adlink_TBD,21
6100010602,001o000000O66uJAAR,9/22/21,Steatite Ltd,   ,GB,Adlink_TBD,9
6100010602,001o000000O66uJAAR,9/22/21,ECRIN,Channel/SI,FR,Adlink_TBD,80
6100010602,001o000000O66uJAAR,9/22/2021,NDA,Channel/SI,TW,Adlink_TBD,400
6100010602,001o000000O66uJAAR,9/22/21,J&J Singapore,Channel/SI,SG,Adlink_TBD,4
6100010602,001o000000O66uJAAR,9/22/21,NDA,Direct,US,Adlink_TBD,30
6100010602,001o000000O66uJAAR,9/22/21,NDA,SI,TW,Dell_4114,600
6100010602,001o000000O66uJAAR,12-31-21,ARRIS GLOBAL,Direct,US,Vignesh,55
6100010602,001o000000O66uJAAR,31/12/21,Data Respons,Disti,NO,Adlink_TBD,40
6100210734,001o000000O66D4AAJ,,"SICK, Inc.",ARRIS GLOBAL,US,OnLogic_i7-7700T,67
6100010602,001o000000O66uJAAR,9/22/21,NDA,Channel/SI,XY,Adlink_TBD,200
6100210734,001o000000O66D4AAJ,12/22/21,OnLogic Inc.,ARRIS GLOBAL,,OnLogic_TBD,0
6100010602,001o000000O66uJAAR,9/22/21,NDA,Direct,U,Adlink_TBD,70
6100210734,001o000000O66D4AAJ,12/22/21,"SICK, Inc.","null",USU,K700-SE,100
6100010602,001o000000O66D4AAJ,9/22/21,NDA,SI,TW,Adlink_TBD,300
6100210734,,12/22/21,Hitachi Vantara Corporation,ARRIS GLOBAL,US,K300,0
6100010602,001o000000O66uJAAR,9/22/21,ABC-123-FWER-E/R123,multiple hyphens with numeric at the end,GB,EBC-DC12-00A1\EBC-DC12-01A1\EBC-DC12-10A1,21
6100010602,001o000000O66uJAAR,9/22/21,ABC-123-FWER-E/R,multiple hyphens with no-numeric at the end,GB,EBOX671-521-FL-DC STRATUS,9
6100010602,001o000000O66uJAAR,9/22/21,123456789ABC,no_hyphens,FR,HMIPSP & PEP,80
6100010602,001o000000O66uJAAR,9/22/20,SAR-123reT,single_hyphen with numeric at the end,TW,MVP-614A,400
6100010602,001o000000O66uJAAR,9/22/21,SEAR-SEAR,single_hyphen with no numeric at the end,SG,MIO5272U1906-T,4
6100010602,001o000000O66uJAAR,9/22/21,NDA,Quantity is null,US,Adlink_TBD,
6100010602,001o000000O66uJAAR,9/22/21,NDA,quantity > threshold,US,AmITX-KB-G-Q170 (9363088*),300
6100010602,001o000000O66uJAAR,9/22/21,NDA,quantity = threshold,US,cExpress-BL-i5-5350U Astro FA (9363060AU03),25
6100010602,001o000000O66uJAAR,9/22/21,NDA,quantity < threshold,US,ETX-BT-E3815 Varian (9363070B / 9363070C),50
6100010602,001o000000O66uJAAR,9/22/21,NDA,threshold is null,US,ASH-CFR-i7-9850HE/S16G/ARU,150

